Continent,Country Name,Country Code,1963,1964,1965,1966,1967,1968,1969,1970,1971,1972,1973,1974,1975,1976,1977,1978,1979,1980,1981,1982,1983,1984,1985,1986,1987,1988,1989,1990,1991,1992,1993,1994,1995,1996,1997,1998,1999,2000,2001,2002,2003,2004,2005,2006,2007,2008,2009,2010,2011,2012,2013,2014,2015,2016,2017,2018,2019,2020,2021,2022
Europe,Albania,ALB,,,,,,,,,,,,,,,,,,,,,,,,,,,,,,,,,,,,,,,,,,,,,,,,2.1090865307433,2.08596455489916,2.29037335738668,2.24930041443803,2.64213078013752,3.30960409641564,2.30186930325969,2.32996875751021,2.17093342006226,1.81122106300094,2.37027989352753,2.28962609864344,
Asia,United Arab Emirates,ARE,,,,,,,,,,,,,,,2.06959706959707,3.58748426541989,,,,,,,,,,,,,,,,,,,,,,,,,,,,,,,,,,1.46845934770884,1.55894380400792,1.3365988379667,1.44784327203987,1.63656118429988,1.47823184397501,1.25443572994598,0.319427381953078,0.477474145518944,0.145963311577223,
South America,Argentina,ARG,,,,,,,,,,,,,,,,,,,,,,11.0500979182663,11.360211652384,11.910029724512,12.1800898721051,11.6900615066074,11.6900031535793,11.6699996708686,,,9.54967536609439,13.5349880972578,14.8726235183302,14.8589850804155,15.581093508096,14.5487910885033,15.5255966478411,15.2028464245659,16.1666348175043,16.0776108993997,,12.7111336656205,12.3528111083269,12.0558343449525,11.3194164821809,11.279975705807,12.2333009201751,11.4671252619586,10.9905480068752,11.427197572302,11.4133690312264,11.5990190892728,11.2353821295379,12.6895909038092,12.7552990136388,11.734696640291,12.9044763923807,13.6875578883842,12.7545945322605,12.5466997102117
Asia,Armenia,ARM,,,,,,,,,,,,,,,,,,,,,,,,,,,,,,,,,,,,,,,,,,,,,,,,,,,,,1.06161590790853,1.12309399825853,0.907518046834557,1.22152312057548,1.17865634535189,1.13497035832029,1.34804902448066,
Oceania,Australia,AUS,6.80147058823529,6.88504068433132,6.87732342007435,6.72622175512349,7.08386277001271,7.13025580711555,7.07585097829,6.94798108403056,6.79744525547445,6.9453044375645,7.0801419764618,7.07270650932623,6.6986589534578,6.58190419869899,6.72115785089546,7.30312145569308,7.37350049607649,7.38658546107597,,,,,,,,,,,,,,,,,,,,,,,,,,,6.83821075977939,7.02987534097362,7.97786865528025,8.69729299687889,2.58892720718256,2.85871196147849,2.51736467880482,2.63870443009956,2.68208859233057,2.45743339113984,2.58820228659606,2.8537263573469,2.89599345127109,2.94660329885379,3.23065364387678,2.74404972784953
Europe,Austria,AUT,7.77119877188572,7.81910017527723,7.92172111511471,8.13352159479206,8.16023523748489,8.13570057148194,7.72720712919869,7.17699232175524,7.03021082435905,7.4915007327711,7.15179226296429,8.47297867711458,7.58869483054952,6.98727631512659,7.10843797551451,6.91354376204864,7.68244265543581,7.35158748576291,,,,,,,,,,,,,,,,,,,,,,,,,2.98650649852797,2.83893659784396,3.01509874025244,2.52578557345915,3.23569086073572,3.33588109925896,3.12158374364751,2.8415429526621,3.1796130823629,3.75781857846743,3.48143840263643,3.38074987635663,3.25436898725516,3.45979351980852,3.89532262902996,4.01992471066849,3.45639001361551,
Asia,Azerbaijan,AZE,,,,,,,,,,,,,,,,,,,,,,,,,,,,,,,,,,,,,,,,,,,,,,,0.0160161809187797,0.0200803911501143,0.0276382954452432,0.022045958289384,0.04227838502277,0.0323835954940493,0.036665032646803,0.0115732640675008,0.0122102356149396,0.0104357273661597,0.0292610935799544,0.0537458456650163,0.0585981214137237,
Africa,Burundi,BDI,,,,,,,,,6.08800637057207,7.06576116310575,5.72413992986117,6.33402357949264,9.16670532028387,7.22013603316576,8.10829866741874,5.57183270846877,3.28135991665257,3.1426787989296,,,5.16541892679428,,,2.51697127937337,2.80939983323974,2.29877188899081,1.75942404141725,1.67048677207568,1.54274373124213,,,,,,,,,,,,,,,,3.66470092670598,2.15376123554464,3.30005800286962,3.08204159427868,2.04759161434583,2.2083390259958,2.78920380909449,2.78920380906093,2.78920380915672,,,,,,,
Europe,Belgium,BEL,6.53787448302609,6.63140695723986,6.71809323431839,6.79608173666336,6.83773751596003,7.21703312033854,8.24585965234314,8.57453994720785,9.37348555937858,9.92739407068463,9.99840144207597,10.288498385066,9.59649179700762,9.7483455718913,10.2056978661276,10.3617314992585,10.4308345467984,10.8965552075967,,,,,,,,,,,,,,,,,,,,,,,,,13.8678141912609,,12.3969453586715,11.6265258293328,8.15214608695652,13.304589793822,14.778637913109,10.366969325679,13.2090705216844,12.6128075188892,12.2232082903019,15.6976217481582,13.9635672568833,17.7547190192001,20.8275922884448,23.2034385641247,21.0230399723866,
Africa,Benin,BEN,,,,,,,,,,,,3.09786898184688,3.34143377885784,3.99035299276474,4.35760472308125,3.45724907063197,4.16699119869149,5.69141514283616,6.56698722170992,,,,,,,,,,,,,,,,,,,,,,,,,,,,,,,,,,,,,,,,,
Africa,Burkina Faso,BFA,,,,,,,,,,,,1.71565942425902,1.71678848407075,1.7803142603024,1.7779670132664,1.79766631553359,1.92727546487992,1.31911154247192,1.34406503702382,1.2795210841392,0.864939494842849,,,,,,,,,,,,,,,,,,,,,,,,,,,,,,,,,,,,,,,
Asia,Bangladesh,BGD,,,,,9.91757035784545,12.3492509297222,9.26059423070525,11.0173930319504,12.1123531835978,15.2049393736517,11.9341198734439,12.5740631370382,13.2821082272933,15.5743362996959,13.193484402236,12.3505485024035,16.3302694336524,15.5973554334668,,,,,,,,,,,,,,,,,,,,,,,,,,,,,,,,2.16745806584727,,,,,,2.11775327416561,,,,
Europe,Bulgaria,BGR,,,,,,,,,,,,,,,,,,,,,,,,,,,,,,,,,,,,,,,,,,,3.0625503810418,2.91524249398892,2.31115344453825,4.62420353542307,2.85639068053179,4.37693738375697,4.67063229786296,2.98295454545455,3.10326377742108,5.73352573352573,5.85088874259381,5.63238982443569,5.67441248107432,2.39611370051861,2.25596262601426,6.09095490047871,2.41965504405013,
Asia,Bahrain,BHR,,,,,,,,,,,,,,,,,,,,,,,,,,,,,,,,,,,,,,,18.6666666666667,18.1533646322379,21.4557564224548,21.8161925601751,23.8071895424837,14.142349591318,12.2585418056927,17.019777157947,14.6548336730916,14.0620279607906,15.9571710749365,14.2382132146117,14.4914033673845,15.1881429243768,13.7210579862591,16.0992811829293,16.0992811816929,16.0992811828927,,,,
,"Bahamas, The",BHS,,,,,,,,,,,,,,,,,,,,,77.5374575162356,,,46.755955212992,18.9346300398007,,13.0804524491938,18.9274507723325,13.2563716642831,22.0089793588091,,,22.2865820677553,7.8665911759323,17.3226945696244,27.5732506442665,,,,,,,,,,,,,,,,,,,,,,,,
Europe,Bosnia and Herzegovina,BIH,,,,,,,,,,,,,,,,,,,,,,,,,,,,,,,,,,,,,,,,,,,,,,,,1.47965352181304,1.64431602891314,2.40195308974524,2.12108839053719,2.71244513041582,2.3109304191429,2.1834054165081,2.46358472597727,2.70008142279374,2.06340301345611,2.2002257419129,1.73214685631385,
Europe,Belarus,BLR,,,,,,,,,,,,,,,,,,,,,,,,,,,,,,,,,,,,,,,,,,,,,,,,,,,,1.62618446276841,2.44007141825924,2.74508303691571,2.63680152078687,2.55526983686858,2.53121071875295,2.77531345189121,2.6818712596665,
North America,Belize,BLZ,,,,,,,,,,,,,,,,,,,,,,,,,,,3.0372575505226,2.79239887267904,13.4861321680193,14.1156863405273,,,,,,,,,,,,,,,,,,,,,,,,,,,,,,
,Bermuda,BMU,,,,,,,,,,,,,,,,,,,,,,,,,,,,,,,,,,3.95199913081269,3.9519978503682,3.95199796551814,3.94772163098778,3.94772071282501,3.94772123836775,3.94772054188423,3.94772165164536,3.94772058258889,3.94772098242114,3.94772121239056,3.94772120170866,3.94772164410337,3.94772089032191,3.9477212262196,3.94772134817677,3.9477217765153,3.93001312268082,4.99881195313992,3.87242778653485,4.70196626849294,3.68503031436861,5.45072975617254,5.3182743252002,3.21311879531046,,
South America,Bolivia,BOL,,,,,,,,5.65371024734982,6.02782071097372,5.85885486018642,5.51440329218107,4.9141503848431,4.60058552906734,5.44554455445545,5.27077903272517,5.22372949989876,5.54266211604096,3.16129883843717,,,,,,,,,,,,,,,,,,,,,,,,,,,,,,4.38695110754471,,2.91895851711242,,,,,4.37260916648467,,,,,
South America,Brazil,BRA,,,,,,,,,,,,,,,,,,,,,,,,,,,,,,,,,,,,,,,,,,,,,2.60001272724163,2.37734212813976,2.63039580978125,2.60716489670014,2.39500999187097,2.41054144955147,2.37365055997863,2.48486300364061,2.73929721352673,2.87892758777436,3.13823585050146,3.09689677429166,2.91331100526411,3.11706853353584,2.4551017350057,
North America,Barbados,BRB,,,,,,,,6.54079813743679,7.01143265451947,10.7027934524087,9.65985609296241,7.75397264605898,8.24499602279184,7.73907013117318,8.87630465631341,9.5258002191917,10.2997789791535,8.40097440768992,5.30922868387961,9.1329928620494,10.4950100891042,9.84960176059214,9.83083395309083,10.4229855869836,10.2221233392966,13.2805374967578,10.6946136727522,14.1462106392377,28.2480786474989,30.646739899109,32.5569109419426,29.4339272755154,29.0738814430666,30.3549077003757,30.3549051447818,,,,,,,,,,,,,,,,,,,,,,,,,
Asia,Bhutan,BTN,,,,,,,,,,,,,,,,,,,,,,,,,,,22.8616507929196,,,,,,,,,,,,,,,,,,,,,,,,,,,,,,,,,
Africa,Botswana,BWA,,,,,,,,,,,,,,,,,,,,,,,,,,,,,,,,,,,,,,,,,,,,,,,,,,,,7.96790887352334,9.23004052027748,9.01400970835233,9.83201241629946,9.91819260301257,10.0995505778947,10.780653985216,11.1128888807357,
Africa,Central African Republic,CAF,,,,,,,,,,,3.00175284837862,2.60186548846343,3.50912778904665,2.86334913112164,6.81173131504257,9.85942991019133,,10.5657401931796,9.08026755852843,11.6747741487144,4.7687269750307,,6.02764094143404,9.67353330923985,6.79436977457932,5.26487102286598,5.93161200279135,6.36724066512811,7.87713648749071,10.497888637926,9.2459911293074,,,,,,,,,,,,,,,,,,,,,,,,,,,,,
North America,Canada,CAN,7.22049689440994,7.1578947368421,6.97526949904883,7.01449275362319,7.05341312056738,7.02150592824514,6.95875087392216,6.96751913384357,6.82651257061538,6.44987492784299,6.42225689027561,6.84938783098292,6.88362715194127,6.6792009400705,6.70854163996069,6.92760014700478,7.4160447761194,7.66700042912316,,,,,,,,,,,,,,,,,,,,,,,,1.86627314296862,2.18937734078477,2.80292406615178,2.21736586233934,2.20425126987383,2.63720792327777,2.30561437441384,2.01656271804075,2.36158337472726,2.31481458358113,2.76253300013216,2.62010921493666,2.60972143236787,2.68593161064313,2.6877316449204,2.94287050445562,3.4672540515992,2.58302231645148,2.53180535769437
Europe,Switzerland,CHE,,,,,,,,,,,,,,,,,,,,,,,,,,,,,,,,,,,,,,,,,,,,,,,16.6981902193832,18.1044661827389,16.8266658929631,18.9876904377431,19.1043432401448,18.8008525571267,21.9018433161269,22.2883874845266,22.0898563189469,23.2976598598897,23.5511506046039,27.1187457765973,29.1476355865707,
South America,Chile,CHL,8.38323353293413,8.33333333333333,9.27835051546392,9.20353982300885,7.73333333333333,5.87262200165426,5.09453781512605,4.90161001788909,4.97649986176389,6.95055428470878,9.65388974455843,7.59396042834683,8.07053941908714,8.6653577243559,9.43355530991346,9.00378910166007,7.57552712667376,7.59355804883518,,,,,,,,,,,,,,,,,,,,,,,,,,,,,,,,,1.8815458404924,3.38835124321093,2.32364487215646,1.78489960263149,2.20820405302005,,,,,
Asia,China,CHN,,,,,,,,,,,,,,,,,,11.3445726473182,,,,,,,,,,,,,,,,,,,,,,,,,,,,10.7936022079296,10.7936022085299,10.7936022082782,10.8113828302765,10.8113828302316,10.8113828302756,10.8113828299006,10.8113828295794,10.8113828300373,10.8113828298269,10.8113828298504,10.8113828297999,10.811382829901,10.8113828300138,
,Cote d'Ivoire,CIV,,,7.29839315212494,5.82257621532546,5.97070738547834,6.77509814918676,6.98128518537303,6.31867552462301,7.02585427589948,6.69202835898323,5.91427899041007,5.44211051136979,7.29129899994652,7.56486484119826,5.55042084118945,6.92220969560316,7.14839109550126,6.28239546073131,6.86364101727949,5.74495221373793,,,,6.31364562118126,6.32411067193676,6.99432892249527,83.8095238095238,,,,,11.2172162452183,10.8175825909175,11.8812396156902,12.0236983971201,,,,,,,,,,,,,,,,,,,,,,,,,
Africa,Cameroon,CMR,,,,,,,,3.35941298678336,5.72853145849774,5.59768672595341,,6.58533696553358,7.58164852255054,6.41681965824036,6.39217144982689,4.34199441316011,2.77619516237634,3.17516635649159,3.79873543155787,4.52122364014843,5.41264302523736,5.28026105578028,,,,,5.28899479155684,4.55044761781933,5.49197768704353,6.55193720392704,6.12712117245201,3.30621610346266,4.36454481725337,4.1658771226587,5.65702087286528,5.77418841885634,4.02792208223767,,2.15646901840888,10.158994005704,,,,,,,,,,,,,,,,,,,,
,"Congo, Dem. Rep.",COD,,,,,,,,,,,,,,,,,,,,,,,,,,,,,,,,,,,,,,3.3395665215045,6.03675961205403,5.49309843806756,-8.73774509803921,-14.130825838103,-15.0864485981308,-18.6726643598616,-21.0813810110974,-10.3027028814933,-5.43095579606207,,,,,,,,,,,,,
,"Congo, Rep.",COG,,,,,,,,,,,,,,,,,,,,,,,,,,,,,,,,,,,,,,3.3395665215045,6.03675961205403,5.49309843806756,-8.73774509803921,-14.130825838103,-15.0864485981308,-18.6726643598616,-21.0813810110974,-10.3027028814933,-5.43095579606207,,,,,,,,,,,,,
South America,Colombia,COL,9.99087591240876,10.4742104742105,10.9948542024014,12.4412296564195,13.1925949983761,12.8350712452913,12.233259749816,11.0360718258382,10.7348492241632,11.2574755644545,12.3775372990971,14.3282374360605,12.7301831689822,11.8286998655097,10.8882579735874,11.8901246147662,11.9019529236584,10.1230342111039,,,,,,,,,,,,,,,,,,,,,,,,,,,,,,,,4.05545105949221,4.01889788394584,3.97851158365243,4.49651191358657,4.71789757286636,4.88057905237991,5.00429172341689,5.0471031987742,5.64280073255285,5.02601895085659,
Africa,Cabo Verde,CPV,,,,,,,,,,,,,,,,,,,,,,,,,,,,,,,,,,,,,,,,,,,,,,,,,,,,,1.95063127788758,2.45962883390604,2.67871507159822,2.42211695091862,,,,
North America,Costa Rica,CRI,5.02944062806673,6.52561667077539,6.53579066246966,6.19858482425358,6.66123999457333,6.4679547596607,6.42578742231118,6.50913954525189,7.17302940942058,7.40527715867424,8.53145262199977,7.81218212149571,8.71658101866909,7.91687283523008,7.71975494266287,7.77877250571969,7.82335050368313,7.48578367492003,,,,,,,,,,,2.06147014948167,1.76167331976056,2.21878996315181,1.76285315481763,1.2335545175867,0.971770650778738,0.950006660966826,0.942600016999055,0.902632812972686,0.918489405083826,1.17548734398883,0.930689990371623,0.989100948329233,1.0940413962755,1.12697485018362,1.07524387533255,1.10965611005614,1.0867115893655,1.08073088411383,1.46334895094179,1.527266069303,1.5393557824765,1.69316759061257,1.66722610295655,2.12075134903753,1.96346525877197,1.72391252395311,1.802665790371,1.79625050431077,,,
North America,Cuba,CUB,,,,,,,,,,,,,,13.0271174292199,11.5577420057913,12.5571981696586,12.351463490361,12.0715522215811,8.32648088929496,6.87729243081027,7.55502833794649,7.54961973659803,7.81893887362637,8.36803627614288,7.99768110097293,7.32632877167184,8.25575521397128,,,,,,,,,,,,,,,,,,,,,,,,,,,,,,,,,
Asia,Cyprus,CYP,3.11373074719345,4.35082391669353,3.82073873978888,3.1067464909301,3.56294569033069,3.6277842855948,3.31944599717069,3.50468324407225,3.45223166492426,2.96335542255449,3.07446338788668,3.6660631587464,3.35215533411745,3.59273705009826,5.0515393374172,3.70663513853052,3.19841435325337,3.57848312022159,,,,,,,,,,,,,,,,,,,,,,,,,,,,4.06697205496989,4.14399565311099,4.83899716083558,5.40074055770418,6.60354230839849,8.80370398007299,9.27255066928836,9.77884892371091,9.59551360129923,10.4722626703512,10.1491979965609,10.7701511550556,13.8736253319602,10.3466174601106,
,Czechia,CZE,,,,,,,,,,,,,,,,,,,,,,,,,,,,,,,,,,,,,,,,,,,1.48883045755324,1.44092087532906,1.29627917763785,1.37121408110239,1.51695515537071,1.51275846015083,1.40324004818496,1.32056942571492,1.31417486123863,1.25809767154446,1.21595140660678,1.192709765061,1.18981730757191,1.08474161501791,1.33692759161946,1.75033594883372,1.50058165469828,
Europe,Germany,DEU,,,,,,,,,,,,,,,,,,,,,,,,,,,,,,,,,,,,,,,,,,,7.56539100275465,7.23688679281475,7.27236187929784,3.60646782439752,4.00301316039947,3.38670474978029,3.29442796046156,3.31206850184067,3.21095742917033,3.29000499603207,2.9947363393359,3.11707979191508,2.67568787380039,3.14229032903523,3.74778710147713,4.62521638209143,3.64920512932569,
Europe,Denmark,DNK,6.10287707061901,6.28352490421456,6.23928693863558,6.7450495049505,7.40740740740741,8.53080568720379,8.38241957408247,7.51020408163265,7.60994263862333,7.45466756212223,8.02987861811391,8.74762292855202,8.4617393575346,8.83076235188911,8.67747098839536,8.78541010923903,9.20310179838311,9.52465834818776,,,,,,,,,,,,,,,,,,,,,,,,,3.83937663521689,8.77291788801437,4.08480607890335,9.80632130403636,11.3990080953031,13.130842927284,13.9350609202967,15.9436110892363,16.1179372067776,19.1373533188428,20.1078165458113,20.2491518990345,20.6813498992235,20.3081755910924,7.68973189912671,22.6826185692634,20.9000001759158,
North America,Dominican Republic,DOM,4.43666082895505,5.24828197738861,4.312420647082,6.21396936238051,5.42181069958848,6.20281771409338,5.7316696794674,6.47755357999189,6.76670779763563,6.03127392922714,5.40114662874302,4.82339382826509,4.52013663758404,6.48484758187074,6.12219623274627,6.01468837992395,5.83936878690082,5.82522738133321,,,,,,,,,,,,,,,,,,,,,,,,,,,,,,,,,,,,,,,,,,
Africa,Algeria,DZA,,,,,4.04089581304771,4.15617128463476,4.06767458603312,4.01069518716578,4.5860974906259,4.02369785238213,5.2124764496546,5.15012053473592,5.39525691699605,5.40170419963481,5.10190488877048,3.5575485799701,3.11780190852254,2.92539875545383,,,,,,,,,,,,,,,,,,,,,,,,,,,,,,,0.393477524900013,0.45233498198953,0.530543913007825,0.534666247077271,0.829332360014163,,,,,,,
South America,Ecuador,ECU,7.75305085781693,6.66868727894893,7.51731142946927,8.01714600291824,8.28766704745616,8.58336535003945,8.32584951169893,8.17056517090697,7.2142064372919,7.37903227432369,7.57894736842105,7.05325704225352,6.96196437168994,6.34629742754361,6.71357215747355,5.98272292425216,7.14769757010552,8.89964624837088,,,,,,,,,,,,,,,,,,,,,,,,,,,,,,1.5345575269083,1.46883862511111,1.56837595500613,1.90807501665235,1.16908172557984,1.51188880097814,2.04903642436092,2.0730091119603,1.93288958049611,2.26119217006063,3.64641456192192,2.08911018258585,
,"Egypt, Arab Rep.",EGY,,13.391571469713,12.268727194677,11.5616503132758,11.3315084930069,11.6354453281067,11.802284082798,11.7180004631621,11.2626204015319,8.50424055512722,9.04687465598098,9.647179137549,8.32338393314003,9.08423833284414,10.431938648923,9.23537302651945,8.78001240365022,8.82053241625271,,,,,,,,,,,,,,,,,,,,,,,,,,,,,,5.04229087924213,3.80683003217035,3.30346430814063,3.43403424956564,2.65553640302118,3.61347590380501,3.59599955639798,4.04283911455226,6.30084231978179,5.73731706075816,4.4197791467968,,
Africa,Eritrea,ERI,,,,,,,,,,,,,,,,,,,,,,,,,,,,,,18.0317137038115,17.8867998359527,20.0900794545149,18.8520676643479,12.5233717568041,4.12583855581255,6.49919873850884,9.81111360644989,6.37761176914265,5.68829139604367,8.33937944466383,7.68344685959983,7.13540444926566,7.58794779642466,10.0912928501599,5.23655252987398,10.6370894851175,6.71203273086503,5.74486414297962,6.65575282927651,,,,,,,,,,,
Europe,Spain,ESP,10.5416216865742,9.38399539435809,9.97930336960985,10.0886777533329,10.1330861290465,10.8356119942531,11.0346506126475,11.1111153728285,10.4438055925622,10.534133134599,10.7508353572357,11.5837862209629,11.993265610226,11.7559843278636,10.6052157253341,8.62643042535117,9.01451693200716,8.68572730481088,,,,,,,,,,,,,,,,,,,,,,,,,2.6280548908931,2.74139680327136,2.7247445082887,3.43982012419656,3.87514558673948,3.85413948957318,3.49610763800311,4.07065315675297,4.46530101967316,5.04174665137751,4.50828035476022,4.5422173434951,4.19816061507704,4.33942003183438,4.24478589525074,5.34253965394983,4.46276329963465,
Europe,Estonia,EST,,,,,,,,,,,,,,,,,,,,,,,,,,,,,,,,,,,,,,,,,,,,,,0.477920640040337,0.511609133701512,0.481064349727571,0.491144863160662,0.423185604845077,0.348738467655361,0.323625447255106,0.311850311850312,0.510008034373144,0.400901199390365,0.334851730067272,0.35924995618903,0.535471359518365,0.412604096785421,
Africa,Ethiopia,ETH,,,,,,,,,,,,,,,,,,,,,,,,,,,,2.35434840653077,2.00394063200331,2.2943565974576,4.04911598854398,4.09806250661184,3.80699097238723,3.79552323277434,4.58360269398854,7.07715791250694,4.18164480190541,4.7218557119816,4.68171779760478,5.19587946370115,5.20737511233871,5.85263385536962,5.16863028127804,4.41603669977703,4.90860375079665,5.78907209151514,7.97282014971107,8.09673231035637,8.889679176776,8.52990736499321,11.0385090415808,10.6215556676665,10.6215556661725,,,,,,,
Europe,Finland,FIN,6.1001343293829,6.56371454085908,6.96436382786255,6.76567057717723,7.21802494523671,6.65864304882122,6.16650850092486,5.90829418886135,6.58977050163067,7.11815321576921,6.25350651971984,6.86900351567379,7.13494258578392,6.40027553573388,6.25001359541918,6.35213640388337,5.75916033430462,6.29906199718295,,,,,,,,,,,,,,,,,,,,,,,,,1.98263630712117,2.00928993396249,1.6637650845661,5.00325661848644,5.54423142024614,3.06771145019167,3.32585205383352,3.94178623954012,,4.32291669136587,7.15501065419966,4.73215112939389,4.3659169433876,4.48356941365095,8.35295350543193,4.67871738008564,3.72561675947306,
Oceania,Fiji,FJI,,,,,,4.03204414027269,,3.00731361205109,3.12989954125777,2.28512655397549,1.55373474314079,1.64986251145738,1.70025551862596,2.20353038739486,3.55052991965954,2.8018989814008,3.13033946935749,3.26255721573609,,,,,,,,,,,,,,,,,,,,,,,,,5.92027530966592,5.4436951885921,5.32808647457859,4.82660922302871,5.85150919760734,5.93668319191063,5.7902202584713,5.91176116019758,5.43648074551185,5.37599501189699,5.21390498261877,5.56406165278531,6.07810760122651,6.13560828485617,5.71750452267296,,,
Europe,France,FRA,7.01885953326498,7.13830682685571,7.16916314946878,7.16746300922491,7.22257188947296,7.36603001285225,7.47019813970657,7.71896612491004,7.58929373005531,7.26440347447495,7.27150437363284,8.46860579295943,7.26860455810562,7.60409720014683,7.74198056247219,7.84397583526486,8.11231737951395,7.93765843374308,,,,,,,,,,,,,,,,,,,,,,,,,,,,4.65384710145605,4.83690943004234,4.86023999463436,4.75490638103652,4.87248065305363,4.93465933263336,4.69535131206255,4.8559660500841,5.2683365492047,5.12797995239485,5.04973785740405,5.02397510222684,5.67929382281189,5.20784496979619,
Africa,Gabon,GAB,,,,1.33789670192906,,,,5.59109215825634,,6.00461893764434,5.13541373816887,4.20338983050847,3.85984787182392,3.49173612901378,6.4907790247424,8.58687961184676,,4.00406332007111,3.56220645344936,4.61922192348806,,,,,,,,,6.84062403409738,7.76046601396638,6.16366414157489,6.57109248639906,4.78572044494266,,,,,,,,,,,,,,,,,,,,,,,,,,,
Europe,United Kingdom,GBR,9.61182994454713,,,,,9.61412688031393,9.75508262988943,9.92448759439051,9.88900100908173,9.71272229822161,9.78547233722243,10.2571860816944,9.58570268074736,10.4185418541854,10.5190719622493,9.94101318528799,10.1401235497966,9.61238108760471,,,,,,,,,,,,,,,,,,,,,,,,,,,,5.06286761999719,5.96332372982119,6.59534100015754,4.96741743853516,4.50574589626617,4.08384322271581,3.62908135473742,3.34079203960198,5.45214651680405,5.0620573136656,4.64132285951689,5.24401262599594,6.08414197832746,4.5855110705164,4.49190134085099
Asia,Georgia,GEO,,,,,,,,,,,,,,,,,,,,,,,,,,,,,,,,,,,,,,,,,,,,,,,,,,2.6876563514989,2.47196497891574,3.09102283979397,2.63540797663984,3.39114098611527,3.60895497132117,3.47516776335867,3.77741510824743,4.46990211220147,3.83553254377542,
Africa,Ghana,GHA,7.03682282629651,8.12873258128733,6.90836425920639,8.08324709670001,7.3247438368672,6.33032302882945,8.18637992831541,4.43476940211613,5.20860781730347,3.72943055607147,5.44837294029974,5.9592988497501,5.26060038874091,5.16235310495238,3.26440898730055,4.86315313277539,5.23828344624497,4.53341960310231,,,,,,,,,,,,,,,,,,,,,,,,,,,,,,,,,0.927990286487427,,,,,,,,,
,"Gambia, The",GMB,,,,,,,,,,,,,1.06080697101724,0.731356928300901,3.87650424146775,4.37507995394653,2.32956491949298,3.26804019080483,2.34316654219567,1.59319182623324,,,,,,,,,,,,,8.84198839949248,,,,,,,,,3.89840880466841,,,,,,,,,,,,,,,,,,
Europe,Greece,GRC,6.80249118910829,6.65685613260572,8.70056297760443,8.3438625307979,9.29352965014183,8.68802886692247,9.8488784965792,8.70028314530946,9.14341769668432,9.91917863430984,8.67246088899925,9.03915436082189,9.77039393127033,9.48176122907805,8.62705434930244,8.41954056961801,8.23772376324395,8.07111936812936,,,,,,,,,,,,,,,,,,,,,,,,,,,,3.15707326606942,3.79026344396822,4.53783722841782,2.9429677499395,3.56592406535562,6.01265502867021,4.99494212984498,5.06510583121793,4.97297696124546,4.86946267699058,5.27515000126583,5.14337352421912,6.92718783762926,6.08268977251649,
North America,Guatemala,GTM,,,,,,10.3253772734004,,,12.4471625146146,12.9536037881892,16.1680737160211,16.5018922169742,15.3825088998979,14.4084852792885,13.3552496404356,12.1825921033319,15.9767114488376,17.3737882412187,16.0575858250277,17.3125753417631,15.8752335796799,16.3334363808233,16.3476544327753,15.3972020327128,14.8692985424314,18.4129439264518,,,,,,,,,,,,,,,,,,,,,,,,,,,,,,,,,,
South America,Guyana,GUY,,,,,,,,,,,,,0.722673893405601,,,,,,,,,,,,,,,,,,,,,,,,,,,,,,,,,,,,,,,,,,,,,,,
,"Hong Kong SAR, China",HKG,,,,,,,,,,,1.68897092754961,1.86906929933864,1.58383397050792,1.46279659064732,1.6893527734438,1.72443085287122,1.65597958040217,1.58178484442133,,,,,,,,,,,,,,,,,,,,,,,,,4.59650685270397,4.62544850984891,5.72471560359952,6.14860864416815,6.77581001587351,6.56445753839993,7.79379915650291,7.58123771822402,8.59255913735674,10.1224228677775,9.74512290873951,11.3363228699552,12.5732767333738,11.9620591629373,10.8418258114242,11.4719446579554,11.8665528105768,12.0697463768116
North America,Honduras,HND,7.20531883535847,5.35812061637942,6.72504217496586,6.97288323187604,,4.88304075096492,3.89916709663153,3.57095709570957,3.99287202875351,3.46882003806692,3.12028039780013,4.15921732220898,4.19278537742758,,,,,,4.99350737057201,5.05155767283018,4.71677368538011,5.25811505579263,4.35646563657301,4.66078112445864,4.9288250750139,4.60580710672665,5.24462700799531,5.49205391005367,5.48069217156966,4.76893348346521,4.57107902010332,4.57102403036334,5.1692776842421,5.16128706621608,,,,,,,,,,,,,,,,,,,,,,,,,,
Europe,Croatia,HRV,,,,,,,,,,,,,,,,,,,,,,,,,,,,,,,,,,,,,,,,,,,,,,3.69129602415081,4.36360770044748,5.39347697984337,5.02765177303604,5.49958219520765,5.70101358927094,5.90940724768092,4.92718778600609,5.34613137599096,4.67979780987946,4.60858901218068,5.87196371305781,6.24189015877206,4.98890582320281,
Europe,Hungary,HUN,6.37931034482759,6.53088042049934,7.24292518912861,7.59179406768587,7.81584582441113,7.44537641089365,7.94083986266397,8.47376023110255,9.30232558139535,9.26133738200541,9.10597986974541,9.60231761917303,9.50572170401,9.87977239353891,10.1812553053378,10.3247333051365,10.9121217302103,11.1666146321157,,,,,,,,,,,,,,,,,,,,,,,,,5.55911854732057,6.00534047306708,5.80441526236716,5.01387520272038,6.26306805973093,6.74630635290598,6.87725559275722,7.25257759278543,6.08178624566344,6.03188923241662,5.91638228370166,5.69196377340476,6.23593646591661,5.41320366474693,5.71286977737115,6.04913597794889,5.72229005144367,
Asia,Indonesia,IDN,,,,,,,,6.04072618622325,4.68243935642639,8.28981813648767,7.18704363093382,7.4576128149205,12.1095304938091,12.3417330615774,13.800726558157,13.1341425459073,10.9390601252639,11.3929411764706,,,,,,,,,,,,,,,,,,,,,,,,,,,,17.5859225924174,17.2234769485521,13.7783041367764,14.2462736917046,1.18159433852156,0.791063549239417,0.89320378865594,0.81021764279124,1.46611969978482,3.0811734122424,2.22783348074255,1.96647732149158,2.199320794884,2.31978200828085,
Asia,India,IND,9.57026268808977,9.58562439770988,9.7175403928862,10.1595259799453,10.7911768590675,12.8560368363147,12.7169785733659,13.5941765241128,14.3129082017789,14.5754085186177,14.6835061100455,15.0701499758104,15.0637834474175,14.7859226239613,14.0776091160798,16.0044857417494,14.6895716471188,14.0603893137931,,,,,,,,,,,,,,,,,,,,,,,,,,,,5.96883158200392,5.81170327544055,5.59768851311264,7.0038401893123,6.50444059657411,7.28561646967675,7.42212997508941,7.64944134848151,7.53231516044821,7.38637594145231,8.18736251865321,8.8282692680168,9.52190140632864,8.85361554840759,
Europe,Ireland,IRL,5.28451422910418,4.95171704014601,5.46914162436737,6.43774357864992,7.55967153392243,7.8784695671875,7.98670751474071,7.44678778242808,7.26740100414017,7.50703624982482,8.89895994788508,8.5707618693407,8.37420733162492,10.4510818013725,11.220504607741,13.3350494574067,14.11381920818,13.5431798553707,,,,,,,,,,,,,,,,,,,,,,,,,18.9146092728791,18.4418389191137,23.8033891376582,32.8777317207915,45.9388208939099,39.9635734700397,36.9170216976963,31.5154008668742,30.8813193179264,34.3200150553486,,,,,,,,
,"Iran, Islamic Rep.",IRN,2.33747237622688,2.28098060442365,3.27910301518327,4.39815854327328,3.83303194421037,3.9585025232361,4.02712419182696,5.80858085808581,7.45667125171939,9.09715965669306,8.58692971639951,7.98304023675374,8.93660915228807,8.49821238043539,8.69551895825354,8.695518958233,4.40221381374598,4.53247988928293,,,,,,,,,,,,,,,,,,,,,,,,,,,,,,,,,,,3.6924006769384,3.55037474421885,3.00958289576059,2.85784858051277,3.0224906515006,2.16483676718404,,
Asia,Iraq,IRQ,2.1490626428898,1.9293845263361,1.59476246432768,2.01484623541888,2.04882232422216,1.87124618959949,1.66765595409706,3.09794611959513,6.13247172859451,7.14675395526459,10.1223270146606,8.71107957065555,8.95399084900864,12.0034052213394,11.4074936905455,,,,,,,,,,,,,,,,,,,,,,,,,,,,,,,,,,,,0.74027438422294,0.100629382487403,0.100037967737329,0.0748833514791197,5.58441492099321,0.917972048258927,2.34629963047759,0.877719409272931,0.14168316341434,
Europe,Iceland,ISL,,,,,,3.27280131800596,3.11367702554388,2.6652998462327,3.42468314203462,2.90771700620018,3.18539178337354,3.11249638550976,3.54766740867879,3.09007174322147,2.97106575128755,2.75963795659834,3.38353774536018,2.94993560849968,,,,,,,,,,,,,,,,,,,,,,,,,,,,,,,,,,,2.20931494951688,1.03022696370673,-1.46851029471134,-0.409934892693513,4.6640088380806,-0.113250283125708,,
Asia,Israel,ISR,6.44977168949772,6.91381800674049,6.87342833193629,6.81555004135649,8.50275807722616,7.63299462044232,6.9507864028412,7.40021574973031,7.44892424516362,7.06980752657282,6.32800218022304,7.5422938857903,8.64634273228592,8.40392348453531,8.70952224219561,8.15588086644214,7.92435001718016,7.7975581884886,,,,,,,,,,,,,,,,,,,,,,,,,,,,,,,11.1612581233154,11.6722822883585,10.6729387646774,8.92962374328113,12.9623886838621,8.86950447649309,7.18254001809587,7.56681118157111,5.18433598861887,5.42822053209434,,
Europe,Italy,ITA,,,,,14.3465621652109,14.2307832658618,14.1449564828631,13.3509626746546,12.4780809709246,12.5295282319737,12.6488764454305,12.5925966788439,12.0524949188617,12.133102825001,11.1707483266959,11.0473641222137,11.3692694465751,10.7408865792216,,,,,,,,,,,,,,,,,,,,,,,,,3.00729222104045,2.99616790328577,2.97725254426495,3.36405118522693,4.0119984530261,4.19491672746656,3.967783806462,3.87618452792698,4.03203337279294,3.74871898179994,3.78014505786583,3.7023983231605,3.77385063577532,3.73829732005136,3.98979668512174,4.61110876226376,3.68447394136018,
North America,Jamaica,JAM,2.34500481850305,2.32951688392063,2.86984186394685,2.86984018459961,3.57516339869281,4.26414040514704,15.1308445987846,15.3344208809135,16.2868803878012,17.0971232231794,15.6536533325896,17.2305845462871,15.1487826871055,16.840171463564,19.9595662562029,23.6246463376297,23.821161587119,22.8776978417266,20.7125392944464,22.0342223496798,22.0089350783959,19.4143758862436,,26.5709494559298,24.7293731734647,25.638557096143,25.7203191911961,28.8611897579049,27.830931866463,24.0991969688878,22.6868756725226,20.9931406135155,1.94001269803444,18.7673030963079,,,,,,,,,,,,,,,,,,,,,,,,,,
Asia,Jordan,JOR,1.73410404624277,3.34411085450346,4.984696108439,5.43156762570583,5.83728813559322,6.10681114551084,5.76188388551387,6.0892556686163,12.5580954187613,,,6.88377018797988,6.12371299965124,6.72100313479624,6.06563657259609,4.11447800003399,7.95473555911383,7.43068881095745,,,,,,,,,,,,,,,,,,,,,,,,,,,,,,,9.73902395014971,9.9221877259142,10.2541336446435,11.8297790116334,10.9245060860742,8.6694441193847,8.72864821062597,9.35978612775755,8.45862162799035,7.8859717554702,8.0138479186476,
Asia,Japan,JPN,10.6645723691707,11.03120908855,11.2865983190173,10.9772509467288,10.9888070328365,10.8350607997504,11.0498515051143,10.5481828307184,10.612019445543,9.50427645820558,9.091131212021,9.22309350894246,9.16210233466418,8.82891205585018,8.91824367209433,9.09002533229877,9.18932129559079,8.67956709106643,,,,,,,,,,,,,,,,,,,,,,,,,,,,4.09012772619626,5.12750958889842,4.47166886329037,11.1409659872862,4.75933897045897,4.66204733432723,4.18694120536596,10.758636185575,11.3664085119753,11.0952805501594,11.0287676852823,11.4885952927783,11.9350228388631,,
Asia,Kazakhstan,KAZ,,,,,,,,,,,,,,,,,,,,,,,,,,,,,,,,,,,,,,,,,,,,,,,0.201022787803217,0.428774897571836,0.498532984456054,0.590543832284783,2.35753451317804,2.10262268826665,2.03650686938036,1.90463932054342,2.4400407530428,2.3893488259282,2.77187340995816,3.25400436674641,2.94864865368749,
Africa,Kenya,KEN,8.28265007660523,7.40770627395602,7.56960342663023,7.66511960014281,8.05612795603964,9.39198918569456,9.55909780419267,8.62385713065026,10.3033139861449,8.72945901599197,8.33736542881335,8.74025409842313,9.54339267061599,8.76885797767671,8.20489712708294,6.97838960868996,7.16507209064792,8.68485904041973,,,,,,,,,,,,,,,,,,,,,,,,,,,,,0.581087820580634,0.546651827639277,0.421185348962568,0.461980830670927,0.270620769699949,0.540150706879951,0.652266132726995,1.96833922124893,1.93374361910519,2.06239166815719,2.04267636196411,2.16635288108441,,
,Kyrgyz Republic,KGZ,,,,,,,,,,,,,,,,,,,,,,,,,,,,,,,,,,,,,,,,,,,,,,,,0.208313041231485,0.0811721737771969,0.150042836702749,0.0908035967591828,0.12359850227557,0.100700015278019,0.134374300711926,0.189445557845824,0.144513722949533,0.169296043366094,0.362492367786624,0.304753775294991,
Asia,Cambodia,KHM,,,,,,,,,,,,,,,,,,,,,,,,,,,,,,,1.08622849399944,,0.317972067362999,,,,,0.127966836301745,,,,,,,,,,,,,,,,,,,,,,
,"Korea, Rep.",KOR,9.60912052117264,6.94753952232389,9.5067264573991,8.2051282051282,9.12994127226965,12.5291569476841,12.1640735502122,10.7866398977916,10.5813953488372,8.94028688980318,8.47715736040609,9.55254410636666,10.5341192637327,9.91141321685357,9.42486019046258,9.4559791033481,8.92070484581498,10.3145821033988,,,,,,,,,,,,,,,,,,,,,,,,,,,6.82948518948257,6.9348683201337,7.06114184237527,,1.66148763897111,1.64065396740972,1.68952887580915,1.78131916413317,1.93277455689407,2.1011335567665,2.10876624734266,2.185331972828,2.44644753168232,2.86501728590526,2.82064191802455,
Asia,Kuwait,KWT,,,,,1.45201308221495,2.56608692110301,2.61915428886515,4.1302919365437,3.6866600428803,11.3863724185308,17.0857741582131,8.92810796781728,12.7991548494576,7.17642812993898,11.0885883118957,10.9613594843335,8.7543893874366,7.4856330979494,7.82828282828283,7.02148124398846,5.21390374331551,11.0174983797796,5.68893528183716,3.90434358223524,3.54893410852713,5.27554179566563,2.29894418428783,2.67424913014973,2.36777824663168,2.43685647518246,3.78431596751464,4.27435710717789,5.35763701152459,4.36877370535007,2.88330309833583,2.68364931291021,2.1648211729465,3.10523512155596,3.14288280144689,13.2013201320132,14.8181011535049,15.5575322141935,15.5743992266389,15.1671931870472,16.6236000579028,18.4336979742299,12.0152048408607,10.4508672673126,16.6095707097741,25.2105772681047,25.2029436175979,21.6443156385194,22.8495912519362,25.4488107470923,30.8315701051164,31.4177595643353,22.7834735131878,22.783473529226,22.7834735136681,
,Lao PDR,LAO,,,,,,,,,,,,,,,,,,,,,,,,,,,,,,,,,,,,,,,,,,,,,,,,,,,,,0.764076531382518,,,,,,,
Asia,Lebanon,LBN,,,,,,,,,,,,,,,,,,,,,,,,,,,,,,,,,,,,,,,,,,9.24329679781916,9.35554689798635,9.08958699180034,8.58466342826798,10.8843809491094,9.85737216376377,9.85179386959007,8.57080229117055,8.4721370738882,8.80264375956001,9.36961581249071,9.91307880059024,9.37072839064406,10.0383308776497,11.6895096504435,11.590488705468,14.5615463575343,,
Africa,Libya,LBY,,7.45341614906832,6.75477239353891,10.7848371596369,9.75169300225734,10.8454200966941,13.143848412063,11.7850509191059,10.4642837473151,6.83863830643134,12.9468428262118,14.1670737664875,11.739934919926,10.2410140939038,8.05347066235687,7.52012516718399,9.94018296973962,16.0558464223386,,,,,,,,,,,,,,,,,,,,,,,,,,,,,,,,,,,,,,,,,,
,St. Lucia,LCA,,,,,,,,,,,,,,,,,,,,,,,,,,,,,2.55443376718161,2.477120195241,3.38164251207729,4.52196382428941,4.06779661016949,4.07239819004525,3.55871886120996,,,,,,,,,,,,,,,,,,,,,,,,,
Asia,Sri Lanka,LKA,,,,16.5144914662616,14.7360900241136,12.8855055017718,11.4487365982436,10.9035400159919,10.3155159245777,9.94872579781128,8.29369435296987,8.27522351783803,,,,,6.80591410467026,6.00157418339237,,,,,,,,,,,,,,,,,,,,,,,,,,,,,,,,,0.181653905447406,0.319077245546808,0.397316979801218,0.424863840485849,0.408068865978891,0.386532524800818,0.456231761193419,,,
Africa,Lesotho,LSO,,,,,,,,,,,,,,,,,,4.46290042894953,4.33903576982893,1.85176841630998,8.33192209991533,4.54598519694599,5.97986350998399,,,,,,,,,,,,,,,,,,,,,,,,,,,,,,,,,,,,,
Europe,Lithuania,LTU,,,,,,,,,,,,,,,,,,,,,,,,,,,,,,,,,,,,,,,,,,,0.475751571315164,0.506561664963626,0.51980258712376,0.516480706243143,1.15297544133667,1.05212700279119,0.440241767203126,0.772255579242992,1.10238131932,1.901886184999,3.01026986592216,8.05938256391337,8.43425803595808,9.47568628454855,11.1370512389022,15.3075758701199,16.6926156283756,
Europe,Luxembourg,LUX,,,,,,,,,,,,,,,,,,,,,,,,,,,,,,,,,,,,,,,,,,,1.97576088227271,1.65354036803404,1.23320292566763,1.55558538175118,2.11770616066398,2.11043053196654,0.0,2.37027806035699,2.76175628873249,2.96809992177531,2.82627086057064,2.68424090821628,2.59823371304237,2.55795615833465,2.78823682160478,4.04449989602828,4.11338942158286,
Europe,Latvia,LVA,,,,,,,,,,,,,,,,,,,,,,,,,,,,,,,,,,,,,,,,,,,2.0259396477957,2.04345412837776,1.88647676287858,2.33450659302899,3.16118762247233,4.31852016934985,2.24685923248655,1.90105665787987,1.78611347384499,2.25028577381087,2.08406861874112,2.16507328744723,2.18919759022147,3.04950341243949,2.56263499696684,4.31092453284728,3.07248834224619,
,"Macao SAR, China",MAC,,,,,,,,,,,,,,,,0.697574586821206,0.697292863002461,0.340130795751457,0.319529652351738,0.395296979525644,0.512513880584266,0.373864028528701,0.587061765027598,0.688012701772956,0.901897015290188,1.14878977761396,1.18565412162343,1.23270911460305,1.05192144779211,0.858918194239016,1.02674770877334,0.918185594142279,1.20741990078209,1.22298054359751,0.968064164639361,1.24151000796842,2.00664597689775,1.14068261141067,,0.730667856552373,0.610759290993577,,,,,,,,,,,,,,,4.74685782451596,5.14981001658945,11.3170240881934,6.06316740752244,7.95966478577621
Africa,Morocco,MAR,,,,,,,,,,,,,,8.84119089149847,10.2573037045075,15.2586427196766,15.8561820333724,16.3492679606554,,,,,,,,,,,,,,,,,,,,,,,,,,,,,,,,,,,,,,,3.60997133702192,,,
Europe,Moldova,MDA,,,,,,,,,,,,,,,,,,,,,,,,,,,,,,,,,,,,,,,,,,,,,,,,,,,1.21027182000131,2.80501590534646,1.39929761655118,1.39783340965318,2.0251404126031,1.58533044737521,1.7288892556661,1.88265197286996,1.35814157815682,
Africa,Madagascar,MDG,,,,,4.32360326428123,6.12413224276583,7.22200495372181,7.48457625284122,7.10997174845663,7.41933834432684,7.58577405857741,6.72800656724586,7.5514161069178,6.5350848240808,8.41780263311196,7.64923901900481,6.02653631284916,5.20560325350203,5.57324840764331,4.72043375127076,5.71588720572595,6.51601134981759,8.90354195942781,7.04482323879419,,,,,,,,,,,,5.72967282150956,,,1.83579745799596,2.10918659106168,1.7516973585145,1.73747533198946,1.63854688208519,2.05970856821253,,,,,,,,,,,,,,,,
Asia,Maldives,MDV,,,,,,,,,,,,,,,,,,,,,,,,,,,,,,,,,,,,,,,,,,,,,,,,,,,0.0419282652089647,0.0419282646504921,0.0419282642154567,,,,,,,
North America,Mexico,MEX,,,,,,,,,,,,,,,,,,,,,,,,,,,,,,,,,,,,,,,,,,,,,,,3.80863343931892,3.3120159738541,3.15165808718112,3.05603986951417,3.04801848666882,2.76953101005862,2.55615257630937,2.4985408966302,2.35602520994302,2.13224124148781,2.19858437283256,2.49671299706691,2.17617053660912,
Europe,North Macedonia,MKD,,,,,,,,,,,,,,,,,,,,,,,,,,,,,,,,,,,,,,,,,,,,,,,5.09604034657962,5.64973826608887,5.35269239483423,6.37661141804788,4.96000643112665,5.80620597753665,5.77318019319997,5.33469793117144,5.02759701657317,4.97109171295771,5.26116176307187,5.90208607478533,6.13244193186196,
Europe,Malta,MLT,2.97121856234317,3.85426682296537,4.01994750043144,3.12111577434684,3.09004270178029,2.92861339050848,3.15152344171163,3.13447183910703,2.98145306139458,2.96093508992761,2.76610976530727,2.49512989490316,1.53752893187657,1.58516407124529,1.62142528926877,1.86890891049903,1.81974263924498,1.92606846872395,,,,,,,,,,,,,,,,,,,,,,,,,,,,,6.12593288318018,,8.52744310575636,5.36508592806984,5.69901253714137,6.27290176234514,4.24470211915234,1.80460274127615,7.73124254422464,6.49353677520502,5.95607605561234,7.60146052106188,7.82212882271337,
Asia,Myanmar,MMR,,,,,,,,,,,,,,,,,,,,,,,,,,,,,,,,,,,,,,,,,,,,,,,,,,,,7.78987994496339,9.14203184797144,28.1132929757424,10.2941296604158,23.3977045985102,13.1292723543573,13.1754836596311,25.6230791977937,
Europe,Montenegro,MNE,,,,,,,,,,,,,,,,,,,,,,,,,,,,,,,,,,,,,,,,,,,,,,,,2.13403531518103,2.05409514240335,2.8188094582306,2.6038133344506,2.37724207141004,2.3353543834344,,,,,,,
Asia,Mongolia,MNG,,,,,,,,,,,,,,,,,,,,,,,,,,,,,,,,,,,,,,,,,,,,,,,,1.18340056785149,1.60523237502208,0.694667569227254,0.740355407197054,1.70447532521251,2.14766537603293,2.32901060307597,3.29899116808892,3.22603687100741,2.85248306645804,2.94683905356881,,
Africa,Mozambique,MOZ,,,,,2.25950017117426,2.55102040816327,3.44919076678164,3.0242825607064,4.01218892839005,5.51969730692188,5.31110680364412,,,,,,,,,,,,,,,,,,,,,,,,,,,,,,,,,,,,,,,,,,,,,,,,,
Africa,Mauritius,MUS,,,,,,2.81115601151963,2.5216901902597,2.51020716769998,2.24215246636771,2.45617728587397,2.19796092025484,2.90414857624116,4.27930861257372,6.94042799305957,7.04656862745098,5.61272217025257,5.38816802287222,5.84571154767609,,,,,,,,,,,,,,,,,,,,,,,,,,,4.39838755135804,5.19031141868512,5.13675783855904,,,,,,,,,,,,,
Africa,Malawi,MWI,,9.45162728488631,11.9221411192214,7.56704980842912,11.013986013986,8.76921002965759,8.3271283196823,9.62911543038477,10.217806317251,9.38386385124488,9.30195954985441,10.5498721227621,10.4851246314661,,,,13.6618897106208,5.31078088519695,,,,,,,,,,,,,,,,,,,,,,,,,,,,,,,,,,,,,0.7217477838157,0.443018135213965,0.661049718814276,,,
Asia,Malaysia,MYS,,,,,,8.17873239990154,7.52885760132512,8.62481695364073,7.92803429657376,8.9771000711857,7.29206975231527,6.54485278670345,6.15452713917724,5.96755807994732,5.94460043728682,5.48806534936105,5.83746927103177,5.43458988272683,,,,,,,,,,,,,,,,,,,,,,,,,,,,,0.538401494607613,0.518417958073065,,0.488022229566793,,0.619030033325259,0.567443300396471,,0.503053793631635,0.502267934154252,0.468329114392057,0.612790896563298,,
Africa,Namibia,NAM,,,,,,,,,,,,,,,,,,,,,,,,,,,,,,,,,,,,,,,,,,,,,,,,,,,,,,,4.75126419364893,4.47690083130334,4.61607615679496,5.58739856492152,5.17716760762762,
Africa,Niger,NER,,,,,,,,,,,,,,,,,,,,,,,,,,,,,,,,,,,,,39.911073470252,50.5286701911346,44.9163732394366,24.7716894977169,,,,,,,,,,,,,,,,,,,,
Africa,Nigeria,NGA,12.6189993923435,17.2326323541445,13.4466670927334,13.5151667806124,8.2956909178185,8.92378714809777,8.35433921498019,6.19276498861624,8.4072021848819,8.61127956337174,9.98814409484724,8.74307650900231,10.9441185332223,13.5787338055769,12.7678954136305,12.3785121046121,,12.2167708312127,12.9368230671684,6.50729069267898,8.89866998373361,10.0669416748179,13.5279399499583,,,,,,4.13820683024197,5.70099394184553,1.89681137489467,1.75965904805801,25.4656052974534,25.7061817299323,,,,,,,,,,,,,,,,,,,,,,,,,,
North America,Nicaragua,NIC,5.37459283387622,5.38039215686274,5.32857142857143,5.5893896332386,5.58520541144347,6.14365650336873,7.03684483653347,7.87720561757292,7.01739850869925,8.12617348854675,9.01324749288102,9.81268825301205,8.76221498371335,8.86160714285714,9.44944944944945,8.55192124483963,9.67543773649064,10.4943990566832,10.769294468367,10.4138314123038,11.5725949591764,9.46260804208944,8.0607923103905,,,,,,,,,8.95916052855259,7.65417722315766,7.70121837435949,7.73140795324295,5.78475729061702,5.74106868882656,4.59499933244196,5.36346855686604,5.13457311436244,4.41302417377101,4.07651300227321,3.53387828717316,2.61700629421387,2.9609859745188,2.9313319697269,2.99780019618441,3.337909517594,3.55582584042519,3.51776403954785,3.19579973006094,2.93242141483389,3.07562736909294,2.86948477841072,2.81187438363675,2.58565592965665,2.53027004584523,2.85594530827057,2.92634216245715,2.83341207688823
Europe,Netherlands,NLD,10.1038544919143,10.1076981883862,11.1866440763692,10.6656211775528,11.4472261995109,12.8123785695316,13.9127222922771,12.8119770315559,12.5133232378873,13.0486031612745,14.2134439559109,16.5744698633787,13.1229046280608,13.5751811144482,11.6294634135685,10.9351270397036,11.1597943020015,10.920064390975,,,,,,,,,,,,,,,,,,,,,,,,,2.95771913410609,2.40763094319297,13.0895610486138,,4.0772108060213,3.37863775413092,4.07705579277199,5.58247680416159,3.11231651371808,2.89313655994295,3.2132443064609,3.10393672200714,3.01720244345833,2.70877869377689,2.95505178790502,3.11895375205442,2.56343262620711,
Europe,Norway,NOR,7.85286216160364,7.66633202518938,8.04828973843058,7.61614623000762,6.7595818815331,6.94444444444444,6.78879310344828,6.65988815455008,7.03894885030502,5.61479664055865,6.05683468160133,6.02987529121557,6.18918586032763,5.6411431189508,6.05294307543312,5.79516898302477,7.57451398822784,7.2631875636884,,,,,,,,,,,,,,,,,,,,,,,,,,,7.66928963048364,8.71114488467557,2.30648861808982,7.476001400155,6.8711850530505,5.64368309939314,2.40356032406879,6.54042975890422,,7.80341061142375,,8.1143717952432,4.39571367013443,9.13509322943585,9.67593487005051,
Asia,Nepal,NPL,,,,,,,,,,,,,,,,,,,,,,,,,,,,,,,,,,,,,,,,,,,,,,,,,2.68774065932983,,,,,,,,,2.0110487472322,,
Oceania,New Zealand,NZL,4.6875,4.58216837527182,4.50047444760743,4.49889796447556,4.44839857651246,4.67877924237026,4.29300823173909,4.4730447304473,4.19859514687101,4.27462934737425,4.31995206710605,5.87472379671438,4.81436502428869,5.34353875317429,5.63721531255048,5.879060999676,6.2940624983862,6.21173695002752,,,,,,,,,,,,,,,,,,,4.16320721148144,4.46803678891791,5.92002583284,6.07099018003273,5.70354866330511,4.44778786026612,4.39594630633834,4.25100359180224,4.22381409976413,4.23294219904389,2.947932618683,4.73596176821983,4.43083900226757,3.8862437266761,4.7420892934547,5.63646283627817,4.39605434580309,4.57843035162623,5.35733849468648,4.98279468321976,4.81536189069424,4.37953869285646,4.46312646065957,4.63033295353842
Asia,Oman,OMN,,,,,,,,,,,,,,,,,,,,,,,,,,,,,,,,,,,,,,,,,,,0.360240034154745,0.436287459043231,1.06223030215622,0.651746103475069,0.482576508810853,0.321114071592432,0.520451008657483,0.457301100423644,0.421681465516011,0.131583863595941,0.0860089337906343,0.572030816586045,0.536585916880215,0.387720114264939,,,,
Asia,Pakistan,PAK,7.64366916979558,10.9070527253739,10.2463696094571,9.59163160256654,12.4922775870308,11.1772665764547,9.97534185160278,8.83291458372381,10.9521166356613,13.8188912371972,12.6929217668973,12.0389193362789,11.208572093733,10.22561168173,10.9659779024709,11.1789331088105,11.4166057805953,11.6639739295797,,,,,,,,,,,,,,,,,,,,,,,,,,,,,,,,,,,,6.23828766397921,,,,,,
North America,Panama,PAN,4.29730757152538,4.00152170543728,3.40857445841539,4.34908993336613,4.74955058016016,4.49550913498602,5.40229885057471,4.84866798986312,4.37860945608889,5.23292916400766,5.55712138293875,4.57706360743331,5.40969722633919,6.61236054542235,6.12363387978142,7.02826093945922,6.44764957264957,6.25476463738492,6.40747919279444,7.4438202247191,6.85683912119064,8.06613226452906,9.19776326088812,8.4635647012807,8.09752756787273,8.33645776252416,9.07041912961628,8.25794687199751,8.62378041140735,5.92050166661429,7.40747961266501,7.27287275100566,6.99444852861141,6.88978430710064,6.87035758198447,6.68127281422908,5.94863565662324,6.72799528996173,4.59124699507553,,,,,,,,,,,,,,,,,,4.5912367799736,4.59123676977421,4.82256449170371,4.82256454169144
South America,Peru,PER,,,,,,,,,,,,9.16030534351145,9.375,9.2511013215859,8.87372013651877,9.82318271119843,9.36073059360731,10.0694444444444,,,,,,,,,,,,,,,,,,,,,,,,,,,1.75923646486261,1.94846992919399,2.17039778648173,1.83691410768543,1.72152962599804,1.6494711569658,1.4554358228619,1.38860963104454,1.08115242929311,1.14203066242407,1.04439812635873,1.03173037999647,1.01930344193647,1.27169238259741,1.05429886650497,
Asia,Philippines,PHL,8.43681519357195,10.1524601524602,11.1691022964509,12.2812599427299,12.281259944329,11.9206773618538,11.5772157104668,12.7226463104326,13.1184808772399,13.4190586667325,11.9198218262806,10.0210903048508,8.81874901693493,13.5707540806691,13.5422303113778,11.9923980917659,13.8119508050565,14.0850084898943,,,,,,,,,,,,,,,,,,,,,,,,,,2.52328990639456,,1.26557316757442,1.84594937546231,2.11820305491442,,1.46180633981761,2.97860871623456,2.17944657126699,1.34226723312433,1.64516468120424,1.32204075201051,3.21178936811337,0.728755732308473,2.02747019883451,0.466285552346076,
Oceania,Papua New Guinea,PNG,0.0,0.0,0.0,0.0,0.0,0.0,4.61718460177496,4.4253257188064,5.18337905110231,4.96175385876246,7.53523732633633,6.32176566602796,4.11985951627768,5.89306583560577,8.08182328771173,3.66125229237621,3.28568032870386,2.69394541762816,,,,,,,,,,,,,,,,,,,,,,,,,,,,,,,,,,,,,,,,,,
Europe,Poland,POL,7.01770272105763,6.39944030618544,6.01913115807781,6.6125124697164,7.04220626719452,7.10904815708309,7.43191576966061,8.49007314524556,6.98254364089776,8.04939400868969,8.54311199207136,8.42696629213483,8.30285791683598,8.22167295433849,9.04287509892463,7.68821777966823,8.06602304578013,7.8743979057073,,,,,,,,,,,,,,,,,,,,,,,,,2.16649043885581,2.41633164251294,2.08583587985315,2.32624792753013,2.38946053774524,2.63943425905364,2.1878050162889,1.83012330967961,2.39204004521678,1.74620144066736,1.88150067692666,1.6714497264858,1.60742456758716,1.42282133994727,1.54868854942264,1.5719996086598,1.46709087256615,
,Puerto Rico,PRI,,,,,,,,,,,,,,,,,,,,,,,,,,,,,,,,,,,,,,,,,,,,,,,,,,,,,,40.3324216842511,39.3357375927118,38.5373090969455,38.2479946915042,37.8133729927447,29.0762416631555,
Europe,Portugal,PRT,9.33260850326806,8.97380707970463,9.41312406720909,9.43673498121277,9.84674109812338,10.0809158165711,10.4417989943757,9.96791865557062,11.5383111041577,9.68980876430267,9.64419742868966,9.66938047692534,8.94945341092225,7.78964514151669,7.58759507367215,7.33138465974552,6.66798672854859,6.62556415273606,,,,,,,,,,,,,,,,,,,,,,,,,2.13736283398507,2.12247001246234,2.35336056488561,2.13711022659829,2.24677509634218,2.00308599307385,1.95600588061795,2.35380975176105,2.43285525387923,2.24559835943417,2.27024496801373,2.16676599125944,2.240596271472,2.16584792300395,2.33863880480422,3.27143296404312,2.57680178103931,
South America,Paraguay,PRY,6.02976708967219,6.01231244107969,5.56269455341637,5.00131313462187,4.35501422458772,4.61975243828527,4.44929400009498,4.97773362536417,3.71857205600203,3.95053431010149,4.85470914874117,3.51167340945302,3.61551054486805,4.45048633158915,3.48449383097118,3.31506088922311,2.86735211128677,2.56665194793456,,,,,,,,,,,,,,,,,,,,,,,,,,,,,,5.69033145345725,,,,,,,,,,,,
,West Bank and Gaza,PSE,,,,,,,,,,,,,,,,,,,,,,,,,,,,,,,,,,,,,,,,,,,,,,,,2.49270766680107,6.32022100271502,2.36321463934023,4.5276675474094,3.84081218701638,4.22519748333633,6.47360667674551,4.06736624286055,4.06764800757213,2.88081148250627,,,
Asia,Qatar,QAT,,,,,,,,,,,,,,,,,,,,,,,,,,,,,,,,,,,,,,,,,,,,,,,,,,,,0.0193893709770895,0.0113318385234968,0.0161519048776402,0.0592484174686661,0.0579880897816829,0.0611347394403687,0.0729496316692953,0.0630571172940114,
Europe,Romania,ROU,,,,,,,,,,,,,,,,,,,,,,,,,,,,,,,,,,,,,,,,,,,,1.87019896311175,1.56747544512715,1.40810215980371,1.72151095993642,2.33244276652906,2.05545406913349,1.89915248296788,2.0395230524127,1.84438293821651,1.91138128021093,1.86251483532299,1.75758623266938,1.94465952596034,1.73233341135724,2.15192960135708,1.59991325771494,
,Russian Federation,RUS,,,,,,,,,,,,,,,,,,,,,,,,,,,,,,,,,,,,,,,,,,,,,,,,,,,,1.27871847273931,1.57081755801171,1.73748275829339,1.95686380611252,1.76251685976262,2.02077304773711,2.5531740157568,3.05602680671312,
Africa,Rwanda,RWA,,,,,,,,,,,,,,,,,,,,,,,,,,,,,,,,,,,,,,,,,,,,,,,,,,,,9.93788819875776,4.9039098740888,5.28952113804849,5.73992549949204,6.37419749312137,7.47565148723348,6.87843616371411,7.25533187163644,
Asia,Saudi Arabia,SAU,,,,,,,,,,,,,,,,,,,,,,,,,,,,,,,,,,,,,,,,,,,,,,,,0.320244092595996,0.325605597858463,0.347960401107349,0.363416160934216,0.361704673772767,0.388922359045734,0.388097495648617,0.399793802247349,0.407983277264164,0.590647946581889,0.717879089466411,0.45190950479571,
Africa,Sudan,SDN,,,,3.49752168525403,3.57787810383747,2.55049824939402,2.74529740721912,5.15842261226351,5.2143522833178,3.19862598504748,,,,20.6578755646219,,,,,,,,,,,,,,,,,,,,,,,,,4.08550272518646,,,,,4.0715607649599,,,,,,,,,,,,,,,,
Africa,Senegal,SEN,,,,,,,,,,,,8.55745114107626,7.02371023471941,6.54867819013726,6.54507676324599,10.1116494628186,9.32922127987664,7.85238722540677,,,,,,,,,,,,,,,,,,,,,,,,,,,,2.60908079582726,3.06038831041943,2.88375645786055,2.72177498825214,3.27602844474124,3.72011111244752,-15.0025240948606,-0.328301912368084,8.0530028015384,1.59718852408096,1.48310623709636,1.50461509376002,,,
Asia,Singapore,SGP,3.48207196398653,3.57963875205255,4.22993039249275,3.92983742818726,4.77760259901581,5.03652265884327,4.46676337209367,4.42967099947553,4.20362052848772,4.21092057926753,5.40521131866694,4.56141320874686,5.287623474724,5.16338238962335,5.11741249446168,5.59507786964045,4.7853515925527,4.86410824682142,,,,,,,,,,,,,,,,,,,,,,,,,16.5373021054782,21.3113162507841,22.5504247532327,16.5687253720455,18.0024954305187,14.0479316588841,19.1755417309552,22.890745895121,15.0426026364555,14.9123046173442,15.0969965244085,15.7783239451399,11.9435620794839,13.1297021986049,6.68224004518077,9.86652698764765,7.0992451311412,
Africa,Sierra Leone,SLE,,,,,,,,,,,,,,,,,,,31.834593759543,17.2356469207701,,,37.5235016077735,4.29779605199057,,,,,,,,,,,,,,,,,,,,,,,,,,,,,,,,,,,,
North America,El Salvador,SLV,4.7845142439737,7.30924355914067,9.24383405794157,8.69857262804366,9.02473589281113,9.45180843269167,9.1315220139923,8.18797940527477,8.75565184626978,9.27105449398443,8.05944993488087,10.3855841891106,13.2896858357356,16.7723460830436,18.7734808575485,17.0980026424186,12.9357798165138,11.0813226094727,11.6554054054054,13.0658368094639,13.7132618957379,19.3220046579833,16.2748643761302,,,,,,23.7763915547025,,20.3275668419899,15.6657939655461,5.89325906922371,18.6847033168942,7.10424548647483,16.0562067995914,,,,,,,,,,,,,,,,,,,,,,,,
Africa,Somalia,SOM,,,,,0.0,0.28830313014827,0.740180793095846,0.644850818094321,1.04517271922055,1.3953488372093,1.91149765841537,2.32978041819559,1.87867603128029,1.95070211441352,1.62277966968839,1.6878877999884,2.12221672084329,,,,,,,12.6545854388358,,,,,,,,,,,,,,,,,,,,,,,,,,,,,,,,,,,,
Europe,Serbia,SRB,,,,,,,,,,,,,,,,,,,,,,,,,,,,,,,,,,,,,,,,,,,6.21839886918001,5.05730415672737,5.10839840558078,4.0766202599096,4.33866285936506,3.54887081491784,3.06505750576739,2.52937193746855,2.51842949646313,2.68692107299548,2.53205637525487,2.33431938546686,2.39811981164756,2.31708326492176,2.61386563305176,2.77439679389575,2.67265367114752,
,Slovak Republic,SVK,,,,,,,,,,,,,,,,,,,,,,,,,,,,,,,,,,,,,,,,,,,3.00424647155216,0.763607787316697,0.695867748309422,0.766821211743781,2.47965464043219,1.07388350533081,1.18518079397779,1.34110608719797,0.64690349058059,0.518221623635743,0.428730424968257,0.48444354876215,0.485254101214201,0.472529987479975,0.449109036764757,0.573705877200666,0.454584516320433,
Europe,Slovenia,SVN,,,,,,,,,,,,,,,,,,,,,,,,,,,,,,,,,,,,,,,,,,,,,,10.8786234980351,11.6732751854473,10.3604844533309,10.8190557806413,11.2735001543287,11.6123798197501,11.6910073017256,4.75857927008115,4.48254681843725,4.67743285080746,4.27420270116899,4.10443283109855,4.45612825374935,4.89819767100603,
Europe,Sweden,SWE,5.20748576078112,5.15970515970516,5.40968048086049,5.34168904804536,5.861010326542,5.95766919257904,5.88235294117647,5.49242424242424,5.54892601431981,5.97507331378299,5.74371780864679,6.16214859437751,5.61900411146642,5.85822465292385,5.84468387883716,6.23629255268428,6.19113913684383,7.22098982635967,,,,,,,,,,,,,,,,,,,,,,,,,4.32376080117153,4.23983460974594,4.43245008664527,4.30590565427508,4.97099494021518,4.71351565085561,4.5106535968113,8.92945710425856,7.80000867688648,5.1560657364831,8.07786668679701,7.8298622787156,5.43925006396449,7.99917293634278,5.36067553691348,10.2542751819395,7.48475614575128,
Africa,Eswatini,SWZ,,,,,,,,,,,,,,,,,,10.5653084232566,,,,,,,,,,,,,,,,,,,,,,,,,,,,,,,0.0874626898773,,,,,,,,,,,
,Syrian Arab Republic,SYR,1.37694463233163,1.43181818181818,1.39287177386317,1.37588381425569,1.47194742066888,1.53078860303195,1.44199322114527,1.59889767054908,1.93850562045404,1.49515316013959,1.48425987943737,1.66067864271457,2.05229951551088,2.46472917321109,2.59060364137614,3.61562004700224,3.85465997900385,-66.7722772277228,26.8093922651934,19.6378041878891,14.4448373408769,28.4967067028284,23.407175063713,55.2163084586293,7.66145619086796,28.8457964190571,16.1346245815399,9.36605316973415,16.9453190828862,10.0909518582406,23.3639663799588,24.0044335365371,21.5193516960411,,,,,,,,,,,,,,,,,,,,,,,,,,,
Asia,Thailand,THA,,,,,,7.60892224306859,6.86351706036745,24.5302110436542,,,,5.47159867713823,9.91786594555341,3.58841062931095,1.66230542583204,,8.00705433563686,,,,,,,,,,,,,,,,,,,,,,,,,,,,,,,,0.538183991132957,,,,,0.845087713616763,,,,,0.601946717423834,
Oceania,Tonga,TON,,,,,,,,,,,,,,,,,,,1.71637591446258,,,,,,,,,,,,,,,,,,,,,,,,,,,,,,,,,,,,,,,,,
North America,Trinidad and Tobago,TTO,,,,1.31317833255751,1.58066465256798,1.44195604472154,1.83832523678048,2.06499766754782,2.98600035442141,2.72808931092006,2.96780911848599,2.59865092748735,2.48651887357699,3.04166905515053,3.33871488537294,3.45445134575569,3.69167083732727,3.50390441456156,4.41213128375571,5.15502994465924,5.53661107322215,3.01312465339824,4.12760810402177,4.0259139287367,3.02592714145061,,21.8681727682816,19.3557087627357,24.5723156395048,15.1305258994278,23.6189714566929,36.8177734931312,37.9220221957832,37.9220221888494,25.5731178570475,25.575524431325,21.8206981393203,26.7707392594504,26.8417222138789,22.0178802387057,28.7672458674997,32.8212051455355,35.6149984452295,38.6651242373992,,,,,,,,,,,,,,,,
Africa,Tunisia,TUN,19.6377628872819,15.6393001345895,20.1948805977685,14.7424926093045,20.4811201310792,14.4787152689268,13.9850644942295,12.9822502567112,14.3400325909832,15.3475567790778,17.2231985940246,23.938772289727,14.8672308141231,9.04071773636991,10.5372909179644,10.6688019522611,12.5700387907149,14.6916565900846,,,,,,,,,,,,,,,,,,,,,,,,,,,,,,,8.94748901861156,10.6995459665151,10.3047474670129,9.54687249473949,8.98470240421244,,,,,,,
,Turkiye,TUR,6.91729323308271,6.08317815021726,6.89972401103956,5.66893424036281,5.12065921130077,5.37859007832898,5.81066488404381,6.52494211744896,7.06291117250021,7.39221671117894,6.38530107331272,7.2992700729927,9.18518518518519,7.9623211588021,8.55339080849908,9.4577553593947,11.6137566137566,10.2063106796117,,,,,,,,,,,,,,,,,,,,,,,,,,,,2.41034920640506,3.0620308358339,3.06362619340557,1.93682532450016,2.10262497816551,1.71413923249972,1.79526157288887,1.9533464863823,2.06965469445773,1.9475447708969,1.87695081509075,2.58475782814838,2.52601844361409,1.79483558375045,1.77049579821437
Africa,Tanzania,TZA,,,2.87023001384037,4.86280392524533,5.28114515488545,4.94201107967,4.85836092536086,4.22511086158004,4.08135639107922,4.56245807749858,4.70668884520389,5.03965663700988,5.77571427399575,,,6.69998067269847,6.09817920951047,5.76787299469168,,,,,,,,,,,,,,,,,,,,,,,,,,,,1.40582773221891,2.70355106345828,1.2931697282251,1.34292754512591,1.31165209622161,0.430078662392534,0.430063652446308,0.619221134495904,0.659648152711345,0.659653336327804,0.659642737329593,0.659646834501093,0.659653374441131,0.659661907348431,
Africa,Uganda,UGA,1.71603517872116,1.7619507843283,1.71645459453797,2.05747298715101,2.18794722750952,1.81633648681446,2.51598098672349,,3.61640814003131,,,,,,,,,,,,,,,,,,5.84485209669156,,,,9.03377051257682,7.49643299763589,7.22690248628765,7.53856378327329,7.63854206015003,10.0162044027914,10.7238112495965,11.067156933628,,,,,,,,,,,,,,,,,,,,,,
Europe,Ukraine,UKR,,,,,,,,,,,,,,,,,,,,,,,,,,,,,,,,,,,,,,,,,,,,,,,,,,2.26647783495065,2.88150606884233,2.58086008611446,2.7960525773865,3.19593493168878,2.85381552451789,3.04594229526902,3.34191070822122,3.74682872057461,,
South America,Uruguay,URY,,,,,,8.05338242061666,7.48306955513151,6.22613315623444,6.16840877484186,6.48829018105419,5.41662390384637,8.41133657725257,6.24769616204025,5.67480754049333,5.15463114798775,5.67010388731313,6.05350893799461,7.40572924533051,,,,,,,,,,,,,,,,,,,,,,,,,,,,3.77475610312012,4.15014020042336,3.3775926093476,3.47318778325881,4.11185025702294,5.30135766152222,4.82886721735719,,,,5.87862715839439,7.43381017640044,10.4975579358149,6.54385917126657,
North America,United States,USA,10.404050950094,10.582964009156,10.3993270763237,10.4177514318901,10.3988058787508,10.4144676658926,10.2978975812298,10.3664851501687,10.3776295208606,9.43080673507568,9.21873452817111,10.0736664595722,10.3909068221521,10.2318914567339,9.85497296833433,9.52904862320834,9.59066055859317,9.67008702428887,,,,,,,,,,,,,,,,,,,,,,,,,,,5.94317167192929,6.27820185807943,7.12482333936361,6.20611837652324,6.13668069993181,5.62776382060445,5.52537699101986,5.70155375088155,6.11429348475338,6.43458149272313,6.67442249011678,5.91247582261709,6.49369214867247,7.31917358297693,6.67263371791867,
Asia,Uzbekistan,UZB,,,,,,,,,,,,,,,,,,,,,,,,,,,,,,,,,,,,,,,,,,,,,,,,,,,0.999555176308232,0.942657657817083,1.14542966092942,1.62277579997705,1.56766303893522,1.04597427882544,1.009971417211,1.01662288408959,1.21970590250295,
,"Venezuela, RB",VEN,8.68254560261144,,8.12559303348469,,9.0336518388979,9.28589253582358,7.84409426858179,8.45656138557506,9.47973188637089,9.12520391517129,9.07380867072734,8.25157094035939,8.65447957839262,7.92762766337341,8.31665732810374,8.56753620263384,8.55695819789856,8.17654639175258,8.68336524800791,11.0420910682007,9.56226780810854,10.2545831443933,9.86534762297334,10.8982886316244,11.6696807623738,11.7588986113958,10.2793060159554,9.07801368759501,12.6630112855756,12.4185473145896,11.0008102740013,10.5356446011802,12.2994174846102,12.9241975105049,11.0128160171113,34.2824658480257,,,,,,,,,,,,,,,,,,,,,,,,
,Viet Nam,VNM,,,,,,,,,,,,,,,,,,,,,,,,,,,,,,,,,,,,,,,,,,,,2.24495903392497,2.21182145924499,2.27162842923063,1.98131046136189,1.8716721078624,1.04782457163428,1.23449182034479,1.49539493823235,1.35223972074333,1.28763347480184,1.21982839537551,1.02044234902974,0.889910836112349,0.815252809721019,0.850050246134842,0.763192914660116,
,Kosovo,XKX,,,,,,,,,,,,,,,,,,,,,,,,,,,,,,,,,,,,,,,,,,,,,,0.231234786237493,0.200514927327878,0.210961254629379,0.209059181684515,0.185623776040307,0.159574823059056,0.14664068454583,0.144292150766397,0.133895119294426,0.133291219630023,0.109062293901674,0.114453294923579,,,
,"Yemen, Rep.",YEM,,,,,,,,,,,,,,,,,,,,,,,,,,,,,,,,,,,,2.23490520724437,1.79471667674934,4.66880617753022,1.66655384823665,1.11672895141789,1.21002832966097,1.9601510089324,2.26085604054247,2.37816268388753,1.31163625331621,1.30841219766989,1.25263466182705,1.4722659289056,1.63753090280153,1.62778822989168,1.59373852675144,1.59373852668775,,,,,,,,
Africa,South Africa,ZAF,9.26058865757358,9.22693266832918,9.22693267193518,8.84691848906561,8.84691850667348,9.51781970649895,9.51781969658422,9.88830486202365,9.88830485404675,9.34256055363322,9.64810067583314,9.30845670249442,9.10394265232975,8.09285622675388,8.09285622539377,9.34804785259055,9.34804785310211,9.20863309352518,8.85478863147839,10.2391293495083,11.7379228702818,12.4504900980196,14.2195086067383,12.0801822925267,12.205196907533,11.1337822213154,10.4349142089631,9.4350009174771,11.3907600510305,11.3907600510733,9.71810870164511,10.1017924808688,11.0958347915341,10.6368071223526,10.6368071228381,11.5714389224787,6.21155179333747,6.52519320404459,6.58311994437755,6.62436487679206,6.5932181978958,6.44349440703046,6.45491210127169,6.67808356411204,6.55468572162475,6.41148718671376,6.69154843805585,6.89806599091647,6.99650601051138,6.99650601064296,6.99650601055547,6.99650601061758,6.99650601056755,6.99650601060983,6.99650601052219,6.99650601053145,6.99650601052789,6.99650601054159,6.99650601053992,6.99650601054456
Africa,Zambia,ZMB,2.07182320441989,2.61763391432037,3.18717403901874,2.77577426616834,4.03462920614178,6.17952335641085,6.98153020553833,9.84587501708105,10.1391997107538,8.42001851999831,10.0339591209073,9.64988324780827,9.6920552176851,,,,,8.81022187262314,,,,,,,,,,,,,,,,,,,,,,,,,,,,,,6.0808426310503,15.0282947319293,14.7666469289982,9.91935914552737,9.66646186254718,10.0830040958353,,,,,,,
Africa,Zimbabwe,ZWE,,,,,,,,,,,,,,,,,,,,,,,,,,,,,,,,,,,,,,,,,,,,,,,,,,,,0.331835679450598,0.286669926232273,0.286877231192706,0.254196184613691,0.785947560760344,,,,
