Continent,Country Name,Country Code,1960,1961,1962,1963,1964,1965,1966,1967,1968,1969,1970,1971,1972,1973,1974,1975,1976,1977,1978,1979,1980,1981,1982,1983,1984,1985,1986,1987,1988,1989,1990,1991,1992,1993,1994,1995,1996,1997,1998,1999,2000,2001,2002,2003,2004,2005,2006,2007,2008,2009,2010,2011,2012,2013,2014,2015,2016,2017,2018,2019,2020,2021,2022,2023
Africa,Algeria,DZA,,,,,,,,,,,2.661,2.661,2.6399,2.9807,3.2823,3.6534,4.1244,4.5409,5.1943,5.6681,6.2158,6.7851,7.0963,7.6044,8.1588,12.4098,12.5378,12.6655,12.7079,12.9295,15.8086,16.8803,16.8012,16.9609,15.5212,15.11,14.9641,15.0132,15.4611,16.4715,16.8469,17.0412,19.3579,21.7604,22.025,24.1619,25.6265,27.6012,29.1924,30.5164,31.7105,34.2189,38.6433,40.2637,43.5052,46.4091,45.1858,44.6934,45.4601,45.6034,40.4659,43.3215,44.4738,46.5578
Europe,Andorra,AND,,,,,,,,,,,,,,,,,,,,,,,,,,,,,,,,,,,,,,,,,,,,,,,,,,,,,,,,,,,,,,,,
Africa,Angola,AGO,,,,,,,,,,,1.0262,1.0262,1.7155,1.4475,1.3019,1.0984,1.107,0.6488,1.333,1.0552,0.9961,0.8719,0.8559,0.7771,0.7024,1.0394,1.0261,1.042,1.2429,1.304,1.0165,1.2574,1.187,1.2119,1.541,1.0709,0.988,1.0521,0.8342,1.1566,1.0745,1.2045,1.4808,2.7543,3.4525,2.4766,3.2932,3.8961,5.2039,5.7572,5.6836,6.2762,6.7414,7.6988,7.9394,7.983,7.9134,6.7212,6.9462,7.9339,3.8998,7.09,8.1334,8.4967
North America,Antigua and Barbuda,ATG,,,,,,,,,,,0.0074,0.0074,0.006,0.0066,0.0077,0.0101,0.0108,0.0112,0.0116,0.0101,0.0145,0.0134,0.0192,0.0119,0.0144,0.0145,0.0159,0.0212,0.0223,0.0243,0.0499,0.0516,0.0527,0.0527,0.058,0.061,0.0611,0.0673,0.0703,0.0725,0.0501,0.0478,0.0517,0.0551,0.0554,0.0586,0.0673,0.0735,0.0813,0.0951,0.1037,0.0761,0.0795,0.0919,0.1015,0.1064,0.1134,0.1002,0.1055,0.1258,0.0937,0.104,0.1066,0.1136
South America,Argentina,ARG,,,,,,,,,,,23.6034,23.6034,24.9782,25.528,25.9163,24.4292,24.6264,26.0888,26.6111,28.6913,29.7014,29.4984,29.8857,30.0023,29.4353,27.22,28.255,28.9874,27.4774,27.5606,28.3437,29.9656,32.0013,34.2761,33.7871,35.2107,40.9995,40.9677,43.5938,40.9665,39.8377,36.6253,33.8385,34.558,37.1677,37.7144,40.5477,43.8822,45.8478,42.021,44.1992,45.6703,44.8214,47.736,44.0604,46.2782,45.2497,46.4311,47.7877,47.4694,37.7662,46.9494,49.2634,47.4454
Asia,Armenia,ARM,,,,,,,,,,,0.9627,0.9627,1.0574,1.1486,1.2572,1.3841,1.4959,1.5236,1.5618,1.6214,1.7535,1.7592,1.7578,1.7288,1.7106,1.7132,1.8376,1.8866,1.9083,1.9607,2.9619,2.8967,1.8295,1.1892,0.1586,0.1128,0.061,0.064,0.0671,0.0701,0.5702,0.5672,0.5428,0.5854,0.6072,0.6716,0.665,1.059,1.2584,1.1427,1.263,1.2949,1.3008,1.2782,1.7057,1.6559,1.5801,1.6736,1.8011,2.0588,2.261,2.3661,2.3845,2.4744
Oceania,Australia,AUS,,,,,,,,,,,32.4797,33.3739,34.3398,38.0723,39.1623,40.7179,42.0194,44.7446,47.2108,48.3325,49.5732,50.4279,51.5766,51.0273,53.2295,54.774,56.2362,57.1846,59.3872,61.2214,62.029,60.5851,62.0802,63.1851,64.8301,67.5402,70.0234,71.3855,71.3879,72.7735,75.0143,74.417,76.1324,76.4084,79.1821,79.3334,81.2516,83.5781,85.2988,84.9395,87.6345,89.7726,90.4324,91.834,92.0252,91.9222,93.2764,94.8631,97.2719,97.0408,90.5044,87.607,89.2178,95.6792
Europe,Austria,AUT,,,,,,,,,,,8.8055,9.5449,10.4285,11.1489,10.2942,10.388,10.5704,11.0223,11.7574,12.3722,11.5424,10.8632,10.7833,11.1486,10.8959,11.1173,11.508,11.6903,12.4697,12.9634,13.6317,15.0539,15.0789,15.2299,15.2851,15.5076,17.1317,16.2002,18.3042,17.82,18.5603,20.0491,21.9393,23.5213,23.8499,24.5497,23.3986,23.587,22.5545,21.719,22.5295,21.7208,21.6553,23.1161,22.6591,23.1665,23.9933,24.5485,24.7957,24.8298,21.672,22.334,21.1922,21.1419
Asia,Azerbaijan,AZE,,,,,,,,,,,2.5232,2.5232,2.7278,2.9064,3.1269,3.4342,3.6276,3.6792,3.7713,3.8794,4.0828,4.1483,4.1855,4.1859,4.2277,4.3223,4.6478,4.8448,4.9473,5.098,6.2034,4.7643,3.9988,3.6903,3.2384,3.3386,2.7058,3.2194,3.0003,1.5724,2.3599,2.603,2.9271,3.1487,3.7865,4.2128,4.8429,3.7783,4.7726,4.2484,4.9517,5.7967,6.4017,7.2931,7.5522,6.7995,6.407,7.7222,8.5101,8.4188,6.8511,7.6891,8.0685,8.3202
Asia,Bahrain,BHR,,,,,,,,,,,0.1801,0.1801,0.218,0.2304,0.2717,0.3638,0.475,0.5858,0.668,0.6155,0.6273,0.7061,0.7721,0.8539,0.8528,0.874,0.8381,0.8342,0.8811,0.9279,0.9908,1.0061,1.1165,1.1566,1.1781,1.2289,1.2567,1.3162,1.3882,1.4412,1.5254,1.5877,1.7808,1.9354,2.1188,2.4819,2.5948,2.8232,3.0894,3.0422,3.1245,2.9441,3.1615,3.2764,3.3746,3.5224,3.5994,3.7103,3.8249,3.7402,3.2941,3.5027,3.5086,3.5207
Asia,Bangladesh,BGD,,,,,,,,,,,0.2478,0.2478,0.2478,0.2328,0.4961,0.6219,0.6566,0.641,0.6664,0.8548,0.9926,0.8305,0.9817,1.1021,1.0751,1.3486,1.3218,1.4181,1.5037,1.6427,1.6679,1.8465,2.1243,2.1802,2.2268,2.6853,2.9557,3.3399,3.4176,3.1199,3.0457,3.8193,3.8811,3.9626,4.578,5.0967,5.3132,5.4236,6.069,6.3944,7.3939,8.6172,8.7005,8.2603,8.9215,9.358,9.928,11.0668,12.1054,11.7676,10.4308,11.6004,13.26,11.649
North America,Barbados,BRB,,,,,,,,,,,0.0177,0.0177,0.0143,0.0158,0.0184,0.0242,0.0259,0.0267,0.0279,0.0242,0.0347,0.0376,0.04,0.0448,0.0471,0.0528,0.0595,0.0608,0.0574,0.0685,0.143,0.15,0.157,0.1527,0.15,0.1532,0.1498,0.1831,0.196,0.2087,0.1518,0.1461,0.1498,0.1535,0.1498,0.1585,0.1765,0.1775,0.2265,0.238,0.2595,0.1996,0.1894,0.2212,0.2092,0.2273,0.2418,0.2127,0.2312,0.2744,0.2044,0.2268,0.2326,0.2478
Europe,Belarus,BLR,,,,,,,,,,,8.7915,8.7915,9.1393,9.4388,9.8102,10.368,10.5445,10.5188,10.5285,10.5657,10.7663,10.8239,10.853,10.6962,10.6861,10.7179,11.1461,11.3763,11.4363,11.6847,11.4763,12.2504,11.3167,9.4631,6.7276,6.677,7.2472,7.6084,8.0436,7.0901,6.4536,6.12,6.6061,6.8204,6.9842,7.7742,9.1332,9.2925,10.5498,9.6488,10.2359,10.8728,11.6709,12.1818,11.591,10.3846,10.7984,11.2574,11.84,11.802,10.614,10.3895,9.6305,9.682
Europe,Belgium,BEL,,,,,,,,,,,11.4132,11.8307,12.647,12.9493,12.5614,13.4313,14.2746,14.9769,15.3768,16.2809,15.8538,15.4442,15.6412,15.9917,16.0211,16.4206,17.9117,18.4592,19.9486,20.3935,20.2056,20.3902,21.2032,21.7311,22.31,22.4591,22.9016,23.2436,23.9675,24.1909,24.4814,25.2982,25.2399,25.8828,26.9682,26.1874,26.5977,27.4288,27.5027,26.6936,25.8688,25.4717,24.7092,24.2182,24.4465,26.0926,25.7912,25.2002,25.2817,24.9597,20.7636,22.9232,23.1126,21.9509
North America,Belize,BLZ,,,,,,,,,,,0.0042,0.0042,0.0034,0.0038,0.0044,0.0058,0.0062,0.0064,0.0067,0.0058,0.0083,0.0081,0.0079,0.0084,0.0098,0.0099,0.0133,0.0116,0.0089,0.0142,0.038,0.0449,0.038,0.0379,0.0371,0.0423,0.0353,0.064,0.0663,0.0706,0.0508,0.0504,0.0482,0.0496,0.045,0.0506,0.0591,0.0569,0.0563,0.0693,0.0852,0.0529,0.0563,0.0718,0.0731,0.0898,0.0932,0.1022,0.0879,0.0989,0.0737,0.0818,0.0882,0.095
Africa,Benin,BEN,,,,,,,,,,,0.2513,0.2513,0.3245,0.318,0.3269,0.3558,0.1798,0.231,0.2689,0.2659,0.2596,0.1837,0.241,0.2318,0.2845,0.3595,0.3245,0.2781,0.2713,0.1933,0.1652,0.1305,0.1177,0.1177,0.1209,0.1209,0.4971,0.6799,0.7496,0.8466,0.9183,0.9873,1.175,1.3688,1.4004,1.5427,1.9615,2.4321,2.4499,2.8124,3.1702,3.2843,3.4174,3.8439,4.0673,4.5772,5.8019,5.9905,6.7484,5.9106,6.1707,4.239,4.4149,4.2779
Asia,Bhutan,BTN,,,,,,,,,,,0.0007,0.0007,0.0008,0.0007,0.0007,0.0008,0.0007,0.0008,0.0009,0.0009,0.001,0.0099,0.0101,0.01,0.0098,0.0107,0.0089,0.012,0.012,0.0112,0.0374,0.0386,0.0422,0.0421,0.0528,0.0573,0.0595,0.062,0.0657,0.0639,0.0614,0.0684,0.068,0.0711,0.0694,0.0826,0.0879,0.0898,0.1001,0.1186,0.173,0.2094,0.2357,0.2345,0.2065,0.2437,0.2495,0.2978,0.3314,0.345,0.359,0.3861,0.4104,0.4276
South America,Bolivia,BOL,,,,,,,,,,,1.0026,1.0026,1.0782,1.1635,1.2769,1.5362,1.6952,1.9487,2.1898,2.2045,2.1481,2.0569,1.6889,1.7907,1.747,1.7656,1.7703,2.0129,2.0355,2.1692,2.257,2.3725,2.3416,2.7042,2.8113,3.1262,3.2421,3.074,3.1728,3.1763,2.6404,2.6471,2.7248,2.9238,3.2264,3.4527,3.9922,4.5138,5.087,5.5386,6.0736,6.7341,7.3173,8.1181,8.8102,9.1686,9.6586,10.3083,10.7137,10.8391,8.7469,11.1754,11.5908,11.9119
Europe,Bosnia and Herzegovina,BIH,,,,,,,,,,,1.819,1.819,1.7514,1.8247,2.0752,2.0245,2.0677,2.2296,2.3765,2.4492,2.2389,2.1859,2.0226,2.0949,1.948,2.2625,2.7981,2.4717,2.7104,2.5005,2.1911,1.8618,1.0625,0.8483,0.9662,0.9943,1.0254,1.0566,1.3985,1.3412,2.0899,2.129,2.0422,2.0556,2.3916,2.3044,2.8848,3.048,3.3804,3.491,3.4032,3.4068,3.1897,2.8176,2.9806,3.1064,3.62,3.7762,3.752,4.0147,3.6363,4.1802,4.3349,4.4
Africa,Botswana,BWA,,,,,,,,,,,0.0634,0.0634,0.0761,0.0889,0.1046,0.114,0.1297,0.1454,0.1676,0.1897,0.2274,0.2493,0.2713,0.2995,0.3182,0.3304,0.3839,0.4211,0.4556,0.5312,0.6479,0.7073,0.8108,0.7968,0.768,0.8881,0.8973,0.9668,1.0356,1.127,1.2188,1.3081,1.2456,1.3371,1.4642,1.4958,1.5837,1.7157,1.984,1.7845,1.8894,1.9813,2.0621,2.1492,2.2282,2.3091,2.2622,2.3003,2.4587,2.3582,2.1312,2.1557,2.3214,2.3938
South America,Brazil,BRA,,,,,,,,,,,42.3801,42.3801,47.7507,56.2884,62.0749,66.1103,71.3535,69.461,74.3121,77.6723,73.3282,73.1213,73.2459,68.6883,67.6061,70.0857,77.5242,76.2123,76.3187,79.6341,82.1754,85.9714,86.6138,90.077,94.2098,104.1934,113.668,120.6104,126.8996,124.2512,125.4845,128.0415,130.0124,127.5148,136.4505,137.1925,140.2593,145.9657,151.3403,148.7176,167.9911,185.1526,202.541,209.7842,214.7806,200.7873,199.046,200.1754,191.866,193.1656,182.6073,200.1659,212.577,216.8353
Europe,Bulgaria,BGR,,,,,,,,,,,4.3683,4.3683,4.3399,4.2583,4.0046,3.9712,3.9719,3.9803,4.0249,3.964,4.1164,3.964,3.964,3.964,3.8328,3.6987,3.6895,3.7139,6.8529,7.2597,6.4412,3.4765,3.8084,4.3113,3.9355,4.1905,4.1435,4.2794,5.4217,5.6515,5.4312,5.6036,5.8296,6.4195,6.9498,7.7639,8.1901,7.925,8.3051,7.9775,7.7599,7.9352,8.212,7.2682,8.1347,8.9279,9.0449,9.1891,9.397,9.508,8.9357,9.6151,9.5364,9.4078
Africa,Burkina Faso,BFA,,,,,,,,,,,0.027,0.027,0.029,0.0319,0.0324,0.0398,0.0508,0.0653,0.0702,0.0779,0.0828,0.0881,0.0813,0.0862,0.0876,0.0787,0.1049,0.1088,0.1469,0.1277,0.1411,0.2009,0.1763,0.1863,0.2037,0.2147,0.2306,0.3772,0.3532,0.3715,0.3966,0.453,0.4883,0.548,0.5048,0.5468,0.5605,0.83,0.9194,0.8658,0.9026,0.9914,1.1981,1.4801,1.2877,1.7188,1.7075,1.9859,2.1597,2.4769,2.6308,2.6805,2.8069,2.7255
Africa,Burundi,BDI,,,,,,,,,,,0.0063,0.0063,0.0068,0.0074,0.0076,0.0093,0.0118,0.0152,0.0164,0.0182,0.0193,0.0235,0.019,0.023,0.0292,0.0271,0.0309,0.0335,0.0667,0.0752,0.0867,0.1239,0.0995,0.1111,0.1152,0.1167,0.1249,0.1251,0.1319,0.1387,0.1334,0.1028,0.097,0.0794,0.0994,0.0833,0.1079,0.1848,0.1092,0.1084,0.1577,0.1894,0.1784,0.2011,0.1729,0.1822,0.2144,0.2542,0.3348,0.4008,0.4257,0.4338,0.4056,0.4063
Africa,Cabo Verde,CPV,,,,,,,,,,,0.0189,0.0189,0.0203,0.0223,0.0227,0.0279,0.0355,0.0457,0.0491,0.0545,0.0579,0.0617,0.0244,0.0259,0.0321,0.0298,0.0103,0.0111,0.019,0.0224,0.0245,0.0305,0.0314,0.0308,0.0361,0.0371,0.044,0.0441,0.0448,0.0471,0.1345,0.1512,0.1692,0.1709,0.1917,0.304,0.3358,0.3913,0.395,0.3815,0.3954,0.4385,0.388,0.3861,0.3867,0.3978,0.4398,0.467,0.4638,0.5221,0.5545,0.565,0.5917,0.5745
Asia,Cambodia,KHM,,,,,,,,,,,0.0659,0.0659,0.0719,0.0685,0.0666,0.0772,0.0699,0.0775,0.0822,0.0887,0.0903,0.0985,0.1116,0.1245,0.1372,0.1494,0.1192,0.1368,0.1469,0.1368,0.2092,0.2304,0.252,0.2512,0.2657,1.1581,1.1598,1.2029,1.3953,1.3624,1.3204,1.5138,1.3241,1.3515,1.3744,1.5031,1.6063,2.0037,2.0698,2.6885,2.9473,3.1221,3.2937,3.375,3.6977,4.0688,4.5094,4.802,5.1174,6.3112,6.6992,6.8498,7.1808,7.3642
Africa,Cameroon,CMR,,,,,,,,,,,0.5647,0.5647,0.6162,0.6408,0.6226,0.7491,0.7009,1.0092,1.0312,1.1089,1.1785,1.1932,1.3078,1.5084,1.5836,1.7402,1.65,1.6662,1.8648,1.8326,1.7549,1.5686,1.57,1.6883,1.7613,1.7086,1.7303,1.8217,1.8761,1.6374,1.8566,1.8592,2.0652,2.099,2.1652,2.1074,1.8697,2.1284,2.1846,2.5141,2.6752,2.8318,3.0142,3.1969,3.4145,3.1654,3.2607,3.186,3.3192,3.4202,3.4239,3.5594,4.0806,4.2671
North America,Canada,CAN,,,,,,,,,,,80.7889,83.8849,89.8124,97.9055,102.321,104.2974,109.139,110.7068,116.3525,127.0725,129.2287,128.3093,111.1972,108.615,111.9579,114.051,114.0188,118.6705,126.2353,128.3053,124.6651,120.9509,125.205,127.1818,133.421,137.0932,140.4361,144.8506,147.4656,151.1608,149.9657,147.7901,159.6457,162.2764,159.7018,163.4558,162.3477,167.6906,167.6767,163.7636,169.4329,169.0559,169.3796,173.1347,171.5977,171.0888,170.1924,174.1661,180.2872,177.4991,148.7041,156.9292,164.2478,166.3535
Africa,Central African Republic,CAF,,,,,,,,,,,0.009,0.009,0.0097,0.0106,0.0108,0.0133,0.0169,0.0218,0.0234,0.026,0.0276,0.0382,0.0379,0.0431,0.0409,0.038,0.052,0.0484,0.0611,0.0596,0.0703,0.0929,0.0769,0.0845,0.0887,0.0934,0.101,0.1011,0.1027,0.108,0.1192,0.1234,0.1268,0.1204,0.1218,0.1219,0.1314,0.1351,0.1038,0.1,0.0998,0.104,0.1091,0.0729,0.0753,0.1118,0.1272,0.1331,0.1365,0.1573,0.1671,0.1702,0.1957,0.2045
Africa,Chad,TCD,,,,,,,,,,,0.018,0.018,0.0193,0.0213,0.0216,0.0265,0.0339,0.0436,0.0468,0.0519,0.0552,0.0558,0.0515,0.0546,0.0263,0.0298,0.0581,0.0529,0.0398,0.0427,0.0983,0.1206,0.1058,0.0496,0.0539,0.0568,0.0585,0.0634,0.0644,0.0677,0.102,0.0982,0.1008,0.1018,0.1105,0.1217,0.1287,0.1469,0.1568,0.1731,0.1861,0.2583,0.4622,0.4897,0.4758,0.4994,0.5182,0.8039,0.8631,1.0103,0.9228,0.8917,1.0252,1.0713
South America,Chile,CHL,,,,,,,,,,,6.0281,6.0281,5.8371,5.495,5.2196,4.5314,4.6152,4.8539,5.3749,5.8048,6.2461,6.6219,6.2565,6.2742,6.2558,6.1813,6.3509,6.7847,7.7374,8.2939,9.0841,9.4833,10.2897,11.4089,12.3338,13.6444,14.8388,15.7303,16.5557,16.7441,16.9872,16.0675,16.5753,16.332,16.919,18.5607,18.2863,19.8109,20.5827,20.7096,21.4369,21.8593,22.4344,24.4921,23.5736,25.2257,26.384,27.3837,28.328,28.735,25.466,27.8142,31.1985,31.9471
Asia,China,CHN,,,,,,,,,,,45.4583,45.4583,50.12,54.4138,58.8471,65.9087,66.906,74.1173,71.9892,74.8971,70.859,70.6364,74.0071,78.5994,83.8886,86.3287,94.056,98.7102,104.7209,108.5201,94.1525,100.6214,111.1024,125.7016,116.3504,127.3714,169.853,146.1269,140.2851,157.3617,248.4803,254.2503,276.4443,313.1443,371.1368,397.312,434.812,468.5767,507.0676,517.0746,568.7798,621.89,686.1263,741.0944,770.35,828.4621,845.3566,877.8151,950.9561,944.3723,901.9615,969.4479,929.0863,1077.7615
South America,Colombia,COL,,,,,,,,,,,6.7591,6.7591,7.1318,7.6894,8.6005,9.3034,9.9214,10.3179,11.0206,11.5013,11.7808,11.9425,12.4871,13.0919,13.4981,13.9541,14.2176,14.6488,15.8694,16.2108,16.35,17.0882,18.0051,18.2723,17.036,20.3298,20.8575,21.8735,21.4051,19.0812,18.5607,19.4611,17.2645,17.7307,20.2411,19.846,20.8053,21.7745,22.0883,20.4024,20.6327,25.0198,26.3792,24.8722,25.8662,27.9866,29.224,29.2268,29.7986,31.2943,26.9513,34.5744,36.0946,36.7
Africa,Comoros,COM,,,,,,,,,,,0.0027,0.0027,0.0029,0.0032,0.0032,0.004,0.0051,0.0065,0.007,0.0078,0.0083,0.0088,0.0081,0.0086,0.0088,0.0081,0.005,0.011,0.0139,0.0136,0.0177,0.0213,0.0187,0.0183,0.0183,0.0192,0.0198,0.0198,0.0251,0.0264,0.0428,0.0447,0.0465,0.0609,0.0685,0.0673,0.0816,0.0552,0.0573,0.0707,0.0815,0.0701,0.0747,0.0914,0.0764,0.0854,0.1053,0.1363,0.1469,0.1783,0.1894,0.193,0.1805,0.1808
North America,Costa Rica,CRI,,,,,,,,,,,0.6765,0.6765,0.7683,0.8404,0.9115,0.9911,1.0833,1.1788,1.3122,1.3421,1.334,1.1785,1.0506,1.0887,1.1644,1.1963,1.3106,1.3847,1.563,1.6772,1.5874,1.6489,2.3919,2.4693,2.5942,2.5887,2.6097,2.6729,2.959,3.0745,2.9733,3.17,3.5067,3.5889,3.8548,3.774,3.9755,4.2737,4.3806,4.4357,4.5621,4.6759,4.7946,4.8728,4.9734,5.3128,5.7483,5.8638,5.8752,5.9683,4.9903,5.6899,5.7069,6.0686
,,,,,,,,,,,,,,,,,,,,,,,,,,,,,,,,,,,,,,,,,,,,,,,,,,,,,,,,,,,,,,,,,,
Europe,Croatia,HRV,,,,,,,,,,,4.1313,4.1313,3.5968,3.4486,3.5721,3.3535,3.3171,3.2948,3.658,3.5205,3.1898,3.1522,2.9422,2.8941,2.7149,3.0114,3.7363,3.3048,3.6754,3.5236,3.5662,2.8466,2.6915,2.8251,3.0211,3.2108,3.5971,3.8029,3.9377,4.2296,4.3181,4.3764,4.6834,5.0837,5.2249,5.428,5.7815,6.2127,6.15,6.1123,5.87,5.7552,5.5454,5.6309,5.5756,5.8866,6.1013,6.5731,6.3365,6.5107,5.7055,6.1622,6.7436,6.8918
North America,Cuba,CUB,,,,,,,,,,,4.1536,4.1536,4.0414,4.4141,4.3206,4.5755,4.5843,4.7734,5.0195,5.2942,5.3034,5.547,5.3013,5.3379,5.6632,5.4652,5.6266,5.5916,5.8617,5.6793,5.0742,3.7244,2.5966,1.9473,1.8939,1.9711,2.1989,2.7555,2.4874,2.3516,2.1685,2.2132,2.063,1.8908,1.9715,1.914,1.8279,1.847,1.818,1.413,1.2465,1.2172,1.0607,1.2369,1.3994,1.4969,1.4889,1.6331,1.6209,1.4663,1.2075,1.1686,1.1615,1.2207
Asia,Cyprus,CYP,,,,,,,,,,,0.6008,0.6008,0.6623,0.7366,0.5419,0.4399,0.4711,0.5144,0.5732,0.5982,0.6206,0.6175,0.6517,0.7109,0.7639,0.7979,0.8446,0.9162,0.9596,1.0315,1.1661,1.162,1.3083,1.3278,1.3805,1.4661,1.5167,1.5829,1.6588,1.7023,1.7433,1.7989,1.7817,1.8868,1.9878,2.0264,2.0141,2.1471,2.1884,2.1893,2.2371,2.17,1.9981,1.7952,1.7503,1.8189,1.9318,2.0045,2.0165,2.0354,1.7724,1.9044,1.8804,1.8772
Europe,Denmark,DNK,,,,,,,,,,,7.282,7.4549,7.6805,8.0122,7.9113,8.6619,8.8692,9.074,9.3038,9.2988,8.98,8.7198,8.8036,8.7433,9.3002,10.7809,11.2279,11.0468,11.0526,11.357,10.1866,10.7487,10.8078,10.9743,11.3946,11.5985,11.723,11.8975,11.9272,11.9566,11.9312,12.0252,12.1754,12.6557,12.9527,13.1708,13.465,14.0223,13.8706,13.1382,12.9903,12.6437,11.5874,11.3805,11.4728,12.0009,12.1562,12.1424,12.3077,12.0384,11.0476,11.1979,11.1572,11.2366
Africa,Djibouti,DJI,,,,,,,,,,,0.0898,0.0898,0.0966,0.1064,0.108,0.1327,0.1693,0.2178,0.2339,0.2596,0.2759,0.235,0.2168,0.1724,0.146,0.1357,0.1376,0.1431,0.1768,0.399,0.4495,0.5609,0.4968,0.4915,0.5034,0.5258,0.541,0.5465,0.5547,0.5833,0.3526,0.3519,0.367,0.3894,0.3899,0.3774,0.3675,0.3916,0.4391,0.3921,0.4277,0.315,0.4126,0.4349,0.4129,0.3853,0.3666,0.3216,0.3329,0.3424,0.3637,0.3706,0.3465,0.3471
North America,Dominica,DMA,,,,,,,,,,,0.0005,0.0005,0.0004,0.0005,0.0005,0.0007,0.0008,0.0008,0.0008,0.0007,0.001,0.0016,0.0017,0.0018,0.002,0.002,0.0017,0.0026,0.003,0.0032,0.0064,0.0066,0.0068,0.0068,0.0093,0.0114,0.0114,0.0122,0.0127,0.0131,0.0107,0.0114,0.0104,0.0121,0.0135,0.0138,0.0154,0.0202,0.0196,0.0218,0.0259,0.0186,0.0186,0.0208,0.0238,0.026,0.0275,0.0246,0.0263,0.0306,0.0228,0.0253,0.0259,0.0276
North America,Dominican Republic,DOM,,,,,,,,,,,1.4174,1.4174,1.4948,1.5698,1.6716,1.7456,1.8101,1.8427,1.7894,1.9294,1.7883,1.5089,1.4819,1.7448,1.967,1.9655,2.1004,2.6309,2.3019,3.0974,2.3113,2.2799,2.4548,2.6589,3.1522,3.5149,3.8893,4.4629,4.8831,5.195,5.3288,5.3435,5.7333,5.2576,5.4405,5.7621,5.8636,5.9526,5.4372,5.6386,5.7405,6.0461,6.5581,5.7898,5.0468,6.1304,6.6324,6.5117,7.165,7.6422,6.8634,8.0054,7.9774,8.3823
South America,Ecuador,ECU,,,,,,,,,,,1.844,1.844,1.8287,2.0634,2.243,2.6572,2.9504,3.6015,4.1858,3.4574,3.9907,4.5772,4.729,4.8377,5.4218,5.7576,5.9415,5.7335,6.9283,6.7039,7.8258,8.0145,8.1337,8.1603,8.6764,8.2655,10.0684,10.6663,9.9784,9.047,7.9866,8.4817,8.8236,9.1504,9.4747,9.9057,10.2021,10.0032,9.9595,10.4831,12.6618,13.7021,14.1772,15.123,16.2568,16.9254,17.1022,18.1983,19.1607,19.457,15.8337,19.1629,20.4313,21.8914
North America,El Salvador,SLV,,,,,,,,,,,0.5669,0.5669,0.6363,0.671,0.6909,0.7605,0.8682,0.9475,1.0678,1.0839,0.8556,0.8056,0.8373,0.8463,0.8781,0.9575,0.9449,1.0525,1.1317,1.1857,1.2662,1.3809,1.5982,1.7466,1.8599,2.1169,2.0966,2.1339,2.2908,2.6064,2.5252,2.5407,2.4657,2.6839,2.8371,3.0572,2.9427,3.151,2.9544,3.0567,3.0128,3.1119,2.7371,2.7762,2.797,3.2954,3.4421,3.3642,3.4747,3.7418,3.1927,3.9277,4.1464,4.407
Africa,Equatorial Guinea,GNQ,,,,,,,,,,,0.0124,0.0124,0.0124,0.0124,0.0124,0.0155,0.0124,0.0124,0.0155,0.0124,0.0093,0.0124,0.0124,0.0062,0.0093,0.0031,0.0062,0.0124,0.0124,0.0124,0.0126,0.0126,0.0126,0.0158,0.0157,0.0189,0.0382,0.0925,0.0796,0.118,0.1821,0.2139,0.2939,0.3385,0.3543,0.3923,0.4335,0.4589,0.4714,0.4903,0.5091,0.5311,0.55,0.5752,0.594,0.6098,0.6255,0.5075,0.4767,0.5202,0.4327,0.441,0.5069,0.5321
Africa,Eritrea,ERI,,,,,,,,,,,0.061,0.061,0.0584,0.0653,0.0669,0.0613,0.0634,0.0683,0.0797,0.081,0.0774,0.0826,0.0767,0.0773,0.0713,0.074,0.0908,0.1253,0.1311,0.1361,0.1328,0.1336,0.1149,0.2107,0.2875,0.3291,0.3836,0.361,0.2294,0.2101,0.2039,0.2485,0.2708,0.2742,0.2555,0.1823,0.1598,0.1373,0.1213,0.1181,0.1404,0.2365,0.2075,0.1947,0.1917,0.1917,0.1981,0.1934,0.215,0.2231,0.2177,0.2251,0.2098,0.2105
Europe,Estonia,EST,,,,,,,,,,,2.3426,2.3426,2.4051,2.4625,2.5333,2.6256,2.6429,2.617,2.5863,2.5686,2.6012,2.5831,2.5689,2.488,2.4497,2.415,2.4659,2.4747,2.4527,2.4925,2.3952,2.1701,1.1289,1.2685,1.5628,1.5449,1.627,1.719,1.7782,1.6544,1.6482,1.9672,2.0713,2.0037,2.0441,2.1463,2.3003,2.4121,2.3191,2.1291,2.2441,2.2443,2.2753,2.2264,2.23,2.2955,2.3456,2.4253,2.4634,2.4346,2.2599,2.3784,2.4602,2.3551
Africa,Eswatini,SWZ,,,,,,,,,,,0.139,0.139,0.1453,0.1579,0.1642,0.1895,0.1832,0.1832,0.2252,0.2315,0.2541,0.2536,0.2568,0.2385,0.25,0.2695,0.3326,0.3611,0.3837,0.4153,0.4505,0.4568,0.44,0.4432,0.4526,0.4515,0.3013,0.4104,0.4263,0.4894,0.509,0.4394,0.4469,0.4673,0.4703,0.4988,0.5024,0.5183,0.4865,0.5619,0.5871,0.5161,0.5193,0.6732,0.6703,0.6113,0.5492,0.6334,0.6334,0.7234,0.712,0.7681,0.8269,0.8525
Africa,Ethiopia,ETH,,,,,,,,,,,0.4853,0.4853,0.4597,0.5096,0.5359,0.4638,0.4835,0.5105,0.5756,0.6233,0.5589,0.5857,0.5594,0.5681,0.5358,0.5734,0.6681,0.7424,0.7718,0.7957,0.795,0.8005,0.7261,0.8752,0.9764,1.0938,1.2118,1.2826,1.4073,1.4521,1.5923,1.9896,2.0787,2.1661,2.3409,2.1183,2.2565,2.4525,2.5352,2.6494,2.7082,2.862,3.2502,3.7997,4.2357,4.7131,5.7345,6.0731,6.7447,7.5277,6.8918,7.1509,6.6325,6.6374
Oceania,Fiji,FJI,,,,,,,,,,,0.2463,0.2463,0.2685,0.256,0.2487,0.2884,0.2612,0.2895,0.3073,0.3316,0.3374,0.3596,0.3652,0.2939,0.2647,0.2935,0.281,0.2639,0.2645,0.2918,0.4741,0.4101,0.4646,0.4945,0.5314,0.4798,0.5127,0.5235,0.4911,0.5186,0.5711,0.6113,0.4702,0.5333,0.6885,0.6437,0.7341,0.6552,0.557,0.506,0.8891,0.6567,0.6423,0.6524,0.6889,0.7145,0.6705,0.8081,0.84,0.8963,0.9329,1.0032,1.0664,1.111
Europe,Finland,FIN,,,,,,,,,,,6.0213,6.2567,6.6271,7.1629,6.9956,7.5366,7.6226,7.6763,7.7814,8.3846,8.3315,8.4376,8.6362,8.8331,9.0911,9.5007,10.0863,10.8021,10.947,11.5585,11.7163,11.4002,11.3527,11.1221,11.5646,11.3582,11.0863,11.6953,11.8552,12.165,11.7472,11.886,12.0699,12.2674,12.6039,12.627,12.8087,13.1477,12.5269,11.9612,12.4667,12.2936,11.9897,11.8315,10.7055,10.6965,11.9103,11.3062,11.5087,11.1148,10.3244,9.8709,9.661,8.9587
Europe,France,FRA,,,,,,,,,,,55.7277,60.5011,65.8897,71.6623,71.1298,73.4032,80.1068,80.8585,86.4203,86.7952,88.3947,89.9354,90.5699,91.3871,92.9875,92.7774,97.1177,100.3816,106.5003,109.1828,113.2273,116.8466,119.3553,120.4845,121.3772,122.3196,122.1243,124.6398,129.1203,129.5158,132.4783,134.2201,134.1431,132.8236,133.0621,130.7962,131.1234,130.2947,124.3195,122.9294,123.271,128.1588,127.0926,126.068,126.2163,127.4286,127.9722,128.5438,125.6484,125.3635,106.0021,118.914,123.3696,122.2146
Africa,Gabon,GAB,,,,,,,,,,,0,0,0,0.0373,0.0373,0.0435,0.0787,0.4348,0.5537,0.2592,0.2407,0.4471,0.4711,0.428,0.2404,0.3233,0.4707,0.3146,0.3428,0.4119,0.3231,0.3938,0.3687,0.3944,0.3142,0.3431,0.3461,0.3808,0.406,0.3866,0.3204,0.3609,0.3932,0.3517,0.3741,0.3676,0.3706,0.4251,0.4344,0.4059,0.6381,0.7272,0.7533,0.8485,0.8323,0.8098,0.8289,0.2038,0.2033,0.1985,0.1695,0.1768,0.2031,0.213
Asia,Georgia,GEO,,,,,,,,,,,4.8351,4.8351,4.9112,4.9819,5.0733,5.1737,5.1442,5.0578,4.9455,4.8569,4.8596,4.7871,4.7373,4.5332,4.4321,4.3369,4.3722,4.3529,4.2745,4.3326,3.7182,2.8026,2.325,1.9957,1.4747,1.0286,2.5231,1.8892,1.2458,1.1251,0.9505,1.1537,1.2114,1.239,1.203,1.5142,1.5717,2.0665,1.7442,2.1701,2.2596,2.3138,2.4527,3.0738,3.4386,3.7804,4.2913,3.87,3.7596,3.9017,3.7727,4.1656,4.3488,4.4368
Europe,Germany,DEU,,,,,,,,,,,94.1322,99.7504,103.7562,106.6795,102.277,105.9733,107.5139,113.4233,122.5916,126.2613,128.476,124.3763,124.6794,126.7565,130.4289,130.6132,136.5196,141.5678,146.5081,149.9672,158.6041,161.4766,164.0611,168.6721,166.0365,167.928,169.0547,169.8015,172.8069,177.6633,173.4704,169.5369,167.1233,164.0364,163.9894,155.6293,153.4831,148.3805,148.8937,147.0592,148.1233,149.9427,148.5133,152.367,154.573,157.5904,161.0244,163.4918,157.66,160.0386,142.452,147.2432,147.7071,139.7212
Africa,Ghana,GHA,,,,,,,,,,,1.0417,1.0417,1.0459,1.1048,1.1384,1.2271,1.2773,1.363,1.3658,1.1519,1.265,1.4839,1.3481,1.0005,0.9896,1.2669,1.3578,1.383,1.4543,1.638,1.6157,1.4997,1.7895,1.8021,1.8777,2.0456,2.232,2.3294,2.7806,3.0944,2.9306,2.9295,3.3912,3.1469,3.6474,3.6031,3.6474,3.8383,4.1558,5.0543,5.1468,5.7299,6.8431,7.2383,7.2842,7.9035,7.3037,7.0852,8.0554,8.5128,9.1607,10.0499,9.3202,9.0355
Europe,Greece,GRC,,,,,,,,,,,4.5012,4.8947,5.6827,6.2047,5.0813,5.1258,7.282,7.9655,8.5197,8.9128,9.5514,9.6558,9.85,10.7743,11.3083,11.6731,11.9156,12.2998,13.42,14.1924,15.0626,15.8769,16.2821,16.4915,16.5871,16.7123,17.1878,17.7753,19.4194,19.6001,19.0726,19.7686,20.0319,20.9821,21.3923,21.7842,22.288,22.8774,22.1979,24.798,21.9868,19.6398,16.4151,16.3059,16.3472,16.6846,17.159,16.8835,17.1689,17.5507,14.8361,15.9518,17.6215,17.5708
North America,Grenada,GRD,,,,,,,,,,,0.0008,0.0008,0.0006,0.0007,0.0008,0.0011,0.0012,0.0012,0.0012,0.0011,0.0016,0.0022,0.0023,0.0024,0.0026,0.0026,0.0033,0.0044,0.0048,0.0052,0.0154,0.016,0.0168,0.0194,0.0228,0.0206,0.0222,0.0317,0.0281,0.029,0.0212,0.021,0.0219,0.0235,0.0221,0.0242,0.0279,0.0309,0.0347,0.0379,0.0442,0.033,0.0334,0.0435,0.0399,0.0428,0.0459,0.0463,0.0468,0.0555,0.0413,0.0459,0.047,0.0501
North America,Guatemala,GTM,,,,,,,,,,,0.679,0.679,0.8207,0.9504,1.0231,1.1534,0.9796,1.2006,1.2685,1.3409,1.3527,1.2559,1.1707,1.1252,1.2233,1.2681,1.2183,1.421,1.5479,1.587,1.7066,1.7873,1.8731,2.0571,2.1862,2.7305,2.7173,2.8817,3.432,3.5985,3.862,4.5261,4.9223,4.9092,4.7771,5.146,5.3251,5.635,5.1526,5.8651,5.7865,5.6638,5.6883,5.978,6.3913,7.308,7.9371,8.1947,8.559,9.365,8.565,10.262,10.8358,11.5178
Africa,Guinea,GIN,,,,,,,,,,,0.0503,0.0503,0.0541,0.0596,0.0605,0.0743,0.0948,0.122,0.131,0.1454,0.1545,0.1616,0.1518,0.1638,0.1664,0.1438,0.2007,0.2184,0.279,0.2623,0.3907,0.3745,0.3404,0.3517,0.3551,0.3695,0.3802,0.3855,0.3962,0.4167,0.6332,0.6647,0.717,0.7674,0.8181,0.8672,0.9333,1.0022,1.033,1.1101,1.2666,1.2583,1.2321,1.1177,1.1011,1.2696,1.4499,1.4368,1.4161,1.594,1.693,1.725,1.8064,1.754
Africa,Guinea-Bissau,GNB,,,,,,,,,,,0.0054,0.0054,0.0058,0.0064,0.0065,0.008,0.0102,0.0131,0.014,0.0156,0.0166,0.0176,0.0163,0.0172,0.0234,0.0244,0.0237,0.0403,0.0588,0.0582,0.077,0.096,0.0889,0.0961,0.0958,0.101,0.099,0.104,0.1056,0.111,0.0954,0.0974,0.1034,0.1233,0.1315,0.1364,0.1454,0.1589,0.1571,0.1648,0.1637,0.1584,0.1643,0.172,0.1686,0.1805,0.1986,0.1591,0.158,0.1778,0.1889,0.1924,0.2015,0.1957
South America,Guyana,GUY,,,,,,,,,,,0.1855,0.1855,0.1696,0.2496,0.2099,0.2193,0.2252,0.2284,0.2316,0.2347,0.2378,0.2471,0.2502,0.2504,0.238,0.2348,0.2317,0.2346,0.2625,0.2598,0.2597,0.2382,0.2314,0.2346,0.4063,0.4286,0.4817,0.5193,0.5124,0.5847,0.55,0.5655,0.5467,0.5433,0.5623,0.5372,0.4992,0.5523,0.5546,0.5942,0.6061,0.6469,0.6643,0.6294,0.6882,0.6788,0.7631,0.7654,0.7837,0.8843,0.8684,1.0088,1.0311,1.0412
North America,Haiti,HTI,,,,,,,,,,,0.145,0.145,0.1577,0.1768,0.1766,0.202,0.2527,0.2652,0.2902,0.3124,0.303,0.3064,0.3002,0.2971,0.3034,0.3036,0.3194,0.3413,0.3731,0.4078,0.4269,0.3985,0.4083,0.3799,0.1138,0.5032,0.563,0.5783,0.6385,0.6612,0.7084,0.7788,0.8199,0.7943,0.7726,0.7795,0.7799,0.9489,0.9209,0.9415,1.0782,1.1031,0.9626,0.8954,1.1655,1.4026,1.4215,1.4411,1.4625,1.4691,1.4206,1.395,1.3855,1.4529
North America,Honduras,HND,,,,,,,,,,,0.453,0.453,0.4848,0.5323,0.5041,0.5236,0.5425,0.5772,0.6182,0.6532,0.6156,0.6318,0.645,0.7276,0.7626,0.7721,0.8706,0.9369,0.9914,1.0864,1.0451,1.0351,1.164,1.3186,1.5367,1.5479,1.5023,1.6491,1.8284,2.1181,2.1148,2.2542,2.2571,2.2963,2.33,2.1255,1.9891,3.1555,3.0409,2.9688,2.9719,3.0522,3.1704,3.1584,3.2878,3.8931,4.0171,3.914,3.9654,4.2155,3.5348,4.5973,4.6589,4.9575
Europe,Hungary,HUN,,,,,,,,,,,6.8718,7.1885,6.727,7.0516,7.5801,7.664,7.494,8.1603,8.8805,8.6445,8.4733,8.164,7.9756,7.5067,7.6543,7.7439,8.1381,8.4713,8.5076,8.841,8.4036,7.3526,7.1143,7.0963,6.917,7.1152,7.112,7.5344,8.4008,8.9335,8.8707,9.3405,9.9503,10.4035,10.8849,11.7947,12.5989,12.9709,12.8861,12.8076,11.6492,10.8309,10.5065,9.7939,10.9288,11.9314,11.9586,12.7272,13.5241,14.3388,12.2709,13.6,14.6829,14.251
Europe,Iceland,ISL,,,,,,,,,,,0.2875,0.3059,0.3211,0.3793,0.3456,0.3819,0.4098,0.4099,0.4591,0.496,0.4682,0.5672,0.4868,0.4809,0.5242,0.4966,0.5243,0.5764,0.5945,0.5977,0.6282,0.6373,0.6346,0.6316,0.6596,0.6094,0.6797,0.5874,0.6118,0.6244,0.6278,0.6371,0.6372,0.6403,0.6716,0.6716,0.9002,0.9663,0.9136,0.8884,0.845,0.8173,0.7992,0.8151,0.818,0.847,0.9265,0.9801,1.0192,1.0126,0.8479,0.8748,0.9504,0.897
Asia,India,IND,,,,,,,,,,,43.9234,43.9234,44.1811,42.927,46.1015,47.8191,47.2023,48.6089,50.2588,52.9688,55.2969,56.0095,47.9113,49.6755,49.8648,52.7323,53.7211,56.7711,58.9536,64.4544,64.384,66.9294,68.5466,68.5508,70.811,78.2901,83.8017,85.802,88.7755,93.3144,95.0898,94.9184,97.7374,99.526,108.0512,115.4037,120.6481,142.9764,163.2097,178.7119,192.9189,209.2899,221.5177,226.2589,235.7472,257.7479,269.3869,291.2317,305.6906,308.4561,268.6636,295.0934,323.609,339.7606
Asia,Indonesia,IDN,,,,,,,,,,,8.1012,8.1012,8.732,9.2567,10.6349,11.6483,12.3093,13.3258,14.7317,15.8402,17.8542,19.6403,20.8121,20.1321,20.4874,21.1207,22.369,24.4608,26.5095,28.8272,32.198,35.8506,37.9134,40.4883,45.353,49.2568,54.5977,60.65,59.1995,58.7832,62.6861,66.7531,67.9905,69.2743,70.8286,69.8383,66.2946,67.8144,72.0703,81.6817,89.1139,108.496,129.6247,136.1181,136.587,132.025,128.0997,135.0437,150.9892,149.4781,126.8164,135.6674,147.5568,149.5385
Asia,Iraq,IRQ,,,,,,,,,,,2.4623,2.4623,2.7672,2.942,3.4182,4.35,5.499,6.3661,7.2475,8.5599,9.8229,11.1727,13.4527,13.8402,14.9026,16.0136,16.2531,17.2648,18.2159,20.8053,21.7688,18.3521,23.2784,24.5109,24.7922,24.7276,24.1553,23.762,24.2153,24.2198,26.3711,28.8288,27.7698,21.565,24.1359,26.0455,25.8746,25.6979,24.6048,25.2713,28.0187,29.8613,33.0976,31.63,25.0628,24.0132,24.5169,27.734,32.3749,34.4342,28.6973,33.4508,37.7251,40.0312
Europe,Ireland,IRL,,,,,,,,,,,2.6234,2.832,3.017,3.3298,3.4324,3.4307,3.5194,3.9312,4.629,4.7293,4.5478,4.5605,4.3388,4.1524,4.0338,4.4607,4.4126,4.2472,4.3612,4.65,4.8856,5.0712,5.4434,5.4829,5.7014,5.852,6.8041,7.1585,8.4494,9.3307,10.3929,10.8788,11.0817,11.2799,11.9901,12.6739,13.8777,14.2112,13.3878,12.1396,11.3398,10.7599,10.5521,10.7055,11.1272,11.2774,11.9445,11.6747,11.8423,11.8293,9.9565,10.6207,11.2571,11.1129
Asia,Israel,ISR,,,,,,,,,,,3.1577,3.1577,3.1501,3.4368,3.4761,3.566,3.5924,3.6425,4.0388,4.117,4.1444,4.0859,4.4549,4.7063,4.5299,4.9485,5.2905,5.7293,5.9493,6.0823,8.034,8.2971,9.0691,9.5432,10.2596,11.2658,11.8886,12.6579,11.7887,12.5376,13.3651,13.276,13.8155,14.2938,14.1648,13.4658,13.7693,14.5042,15.9824,15.7018,16.4481,15.6682,17.1502,15.8908,16.0328,16.9281,17.489,17.9643,18.0406,18.1326,16.2971,17.345,18.6766,18.4151
Europe,Italy,ITA,,,,,,,,,,,46.2192,48.1678,51.4365,55.2293,51.8255,54.975,57.4232,61.0416,64.1481,70.3141,71.2135,71.295,73.7608,74.0276,76.922,79.713,82.7223,87.9184,90.8149,94.1783,96.0715,97.9337,102.9622,104.8523,104.6119,106.8864,108.6568,110.2523,113.424,116.2639,116.3621,118.4897,120.7485,121.8089,124.0354,122.958,124.2572,124.7349,117.9282,111.841,109.1873,109.1507,102.511,100.7233,105.3928,103.0085,101.7113,97.6111,100.2026,100.9187,80.6748,98.2405,104.0128,102.7268
North America,Jamaica,JAM,,,,,,,,,,,1.2905,1.2905,1.064,1.0115,0.8705,0.9362,0.9421,0.8793,0.8544,0.8077,0.7267,0.7575,0.8328,0.9128,0.8249,0.819,0.8438,0.8873,0.9473,0.9878,1.0843,1.0283,1.073,1.1611,1.1673,1.3974,1.6063,1.6967,1.8444,1.9297,1.9349,1.8826,2.0721,2.0674,2.1185,2.2126,2.1502,2.0693,2.0412,1.9975,1.8563,1.8412,1.5089,1.6054,1.6884,1.6465,1.8005,1.9517,2.2505,2.4614,1.6827,2.3095,2.2955,2.4109
Asia,Japan,JPN,,,,,,,,,,,94.535,102.2835,107.5207,118.0919,120.0637,125.4616,132.0123,138.3276,147.9378,155.5621,157.4687,153.9969,148.5333,152.6538,157.4285,159.3112,164.8701,170.9024,179.9745,192.8064,211.9623,222.3299,227.0188,232.1185,244.2424,252.4513,258.2726,260.4715,259.6623,261.9993,261.5439,263.622,259.1155,256.8402,256.7932,254.0178,250.1338,242.9094,233.8099,227.6361,228.6503,223.0273,220.6993,218.0274,211.9674,211.3432,208.9082,207.0502,204.5087,200.359,181.2296,183.2351,186.5865,179.633
Asia,Jordan,JOR,,,,,,,,,,,0.5202,0.5202,0.6306,0.7134,0.8239,1.0172,1.2131,1.2704,1.5664,1.6289,1.6634,1.6597,2.206,2.3583,2.2863,2.392,2.8825,2.9022,2.9594,2.9719,2.7291,2.5297,2.6697,2.7501,2.7504,3.0049,3.0641,3.2102,3.2516,3.3246,3.5949,3.7069,3.7678,3.8322,4.4042,4.854,4.768,5.0915,4.6309,5.1533,5.2167,5.3319,6.8698,7.114,7.0454,7.8293,8.2974,9.1197,9.0094,8.4763,7.1253,7.9317,7.8684,7.8704
Asia,Kazakhstan,KAZ,,,,,,,,,,,6.7245,6.7245,7.2188,7.6637,8.1866,9.0113,9.4328,9.5587,9.771,10.0315,10.4818,10.666,10.7649,10.7897,10.8353,10.8878,11.4392,11.6898,11.8347,12.0882,14.4209,18.0891,15.8278,13.188,9.0492,9.1589,8.2141,7.0418,7.9293,5.8236,9.3792,8.1969,9.1265,8.6536,9.2317,9.5543,10.5348,12.0992,13.7838,12.4388,13.1541,13.465,14.587,13.7347,14.4129,15.3532,15.9492,15.3728,17.4721,16.3445,20.6928,22.6479,22.2068,23.5608
Africa,Kenya,KEN,,,,,,,,,,,1.5439,1.5439,1.5462,1.6591,1.6388,1.5076,1.5966,1.8047,1.7988,1.6367,1.9177,1.8214,1.7859,1.8256,2.1748,2.3352,2.6053,2.5518,2.4927,2.6445,2.6926,2.7584,2.5578,2.3808,2.317,2.5637,2.6871,2.6653,2.7294,2.6853,2.7131,2.6703,2.7927,2.5012,2.7613,2.8884,3.2356,3.2704,3.3585,4.1653,4.9501,4.6137,4.8999,5.8174,6.4845,7.9867,8.7772,8.5903,9.6699,10.7315,10.3995,10.8216,10.5947,10.6148
Oceania,Kiribati,KIR,,,,,,,,,,,0.0069,0.0069,0.0076,0.0072,0.007,0.0081,0.0074,0.0082,0.0087,0.0093,0.0095,0.0099,0.0101,0.01,0.0049,0.0053,0.0044,0.0059,0.006,0.0056,0.0085,0.0089,0.0096,0.0096,0.0101,0.0083,0.0087,0.0088,0.0085,0.0083,0.0136,0.012,0.0167,0.0166,0.0165,0.0239,0.0271,0.0244,0.0313,0.029,0.0334,0.0319,0.0313,0.0301,0.0281,0.0289,0.0303,0.0377,0.0379,0.0402,0.0418,0.045,0.0478,0.0498
Asia,Kuwait,KWT,,,,,,,,,,,1.9384,1.9384,2.1603,2.1978,2.0821,2.0288,2.1226,2.4329,3.0157,3.228,5.3497,6.9453,8.8776,9.0464,7.3847,9.2306,9.4601,9.2668,11.0538,13.5775,2.8412,1.8981,4.539,4.7824,5.0435,5.3404,5.4469,5.6952,5.8389,6.0076,6.0221,6.1288,6.5144,7.0782,7.5373,8.1592,9.2575,9.5699,10.5412,11.7278,12.6701,12.1544,12.4851,13.1451,13.3412,14.0231,14.206,15.0182,15.8654,16.0492,13.1367,16.0383,15.2447,15.088
Europe,Latvia,LVA,,,,,,,,,,,1.5399,1.5399,1.6458,1.7378,1.8469,2.0318,2.1117,2.1372,2.1842,2.236,2.3157,2.366,2.3952,2.4132,2.4375,2.462,2.5859,2.6522,2.6917,2.7508,3.0596,2.7939,2.4484,2.2759,2.105,2.0061,1.9313,1.9663,1.9432,1.9121,2.1227,2.5141,2.5919,2.7366,2.8748,3.0016,3.3159,3.7515,3.5458,3.1094,3.181,2.8222,2.7278,2.762,2.884,3.0576,3.0839,3.2393,3.2407,3.2247,3.0319,3.1257,3.0689,3.0638
Asia,Lebanon,LBN,,,,,,,,,,,1.2512,1.2512,1.3754,1.6051,1.7883,1.484,1.5337,1.2419,1.4685,1.5213,1.8535,2.0056,1.5523,1.9125,1.987,2.2943,2.0677,2.1112,1.4871,1.8628,1.8628,2.3285,3.2319,3.7691,3.5401,4.1802,4.3316,4.1685,4.4575,4.2463,4.0013,3.7374,3.7502,3.9954,4.0112,4.0423,3.8903,3.0583,4.4401,5.1138,5.0457,5.0584,8.1195,6.7174,7.1225,8.3469,8.8632,9.3247,8.1123,8.4203,7.2267,7.1305,7.0651,7.0641
Africa,Lesotho,LSO,,,,,,,,,,,0.009,0.009,0.0097,0.0106,0.0108,0.0133,0.0169,0.0218,0.0234,0.026,0.0276,0.0294,0.0271,0.0287,0.0292,0.0298,0.0353,0.0359,0.0311,0.0443,0.0485,0.0605,0.053,0.0514,0.0562,0.0592,0.0609,0.061,0.0594,0.0625,0.1669,0.1685,0.179,0.1829,0.1987,0.2024,0.2088,0.278,0.2357,0.274,0.2735,0.2719,0.2971,0.3048,0.2974,0.2982,0.3462,0.3763,0.3637,0.4135,0.4392,0.4475,0.4841,0.4992
Africa,Liberia,LBR,,,,,,,,,,,0.1168,0.1168,0.1255,0.1383,0.1404,0.1725,0.2201,0.2832,0.3041,0.3375,0.3586,0.3525,0.3252,0.3447,0.3212,0.2984,0.2493,0.1886,0.3105,0.2467,0.161,0.1152,0.1056,0.1142,0.1138,0.1199,0.1283,0.1284,0.1353,0.1423,0.1859,0.1993,0.2047,0.2294,0.257,0.3075,0.3294,0.3144,0.2816,0.2635,0.4007,0.4267,0.48,0.4395,0.5372,0.5627,0.6775,0.5822,0.6541,0.7362,0.782,0.7967,0.8343,0.8101
Africa,Libya,LBY,,,,,,,,,,,0.6582,0.6582,1.3024,1.6402,2.0761,2.6422,2.9249,3.2257,3.7324,3.9714,4.6908,5.4797,5.8411,5.7941,6.0136,5.8832,5.7129,5.9141,5.9986,6.159,6.1869,6.234,6.3257,7.4401,8.8366,9.5091,10.5153,10.0975,9.9463,10.9522,11.1326,11.4914,11.7122,11.8854,12.3842,12.8594,12.9598,11.7878,13.4577,15.6077,18.2504,13.6163,16.8848,17.6876,19.5594,15.1356,18.2731,17.2221,16.77,17.0638,16.6709,16.8554,18.6104,18.5102
Europe,Liechtenstein,LIE,,,,,,,,,,,,,,,,,,,,,,,,,,,,,,,,,,,,,,,,,,,,,,,,,,,,,,,,,,,,,,,,
Europe,Lithuania,LTU,,,,,,,,,,,2.1138,2.1138,2.2952,2.4649,2.6659,2.9348,3.1232,3.1732,3.2485,3.3546,3.5697,3.6052,3.6193,3.5917,3.5791,3.5903,3.8131,3.9061,3.9527,4.0499,5.5083,6.0802,4.0115,3.0646,2.4024,2.9392,3.2354,3.6263,3.8223,3.4092,3.0417,3.3213,3.4387,3.4876,3.8279,4.0611,4.3323,5.0326,5.0095,4.1383,4.2754,4.2503,4.2809,4.2796,4.7606,5.0536,5.4387,5.6897,6.0486,6.2718,6.1102,6.0921,6.102,6.2005
Europe,Luxembourg,LUX,,,,,,,,,,,0.4907,0.5366,0.6011,0.6841,0.6811,0.8453,0.8929,0.9158,1.0618,1.2098,1.272,1.4268,1.4361,1.4121,1.4377,1.5535,1.61,1.8005,1.8888,2.2057,2.6252,3.1479,3.4374,3.4687,3.5201,3.3499,3.4445,3.6538,3.824,4.2482,4.853,5.098,5.3071,5.8589,6.8288,7.2067,6.8973,6.6197,6.7165,6.1906,6.5526,6.9452,6.6283,6.4843,6.1913,5.7527,5.5763,5.6824,6.0666,6.2037,4.6667,4.9882,4.3269,4.1983
Africa,Madagascar,MDG,,,,,,,,,,,0.4828,0.4828,0.4826,0.4823,0.4825,0.4796,0.4733,0.4981,0.4673,0.505,0.5476,0.3519,0.3548,0.3064,0.44,0.4341,0.3706,0.4782,0.4395,0.4307,0.5324,0.5903,0.5966,0.6152,0.6974,0.6749,0.6963,0.733,0.8275,0.9056,0.9067,0.8657,0.6008,0.8365,0.886,0.847,0.8162,0.8732,0.8901,0.8465,0.8938,0.9951,1.0226,1.0708,1.1383,1.1768,1.2194,1.2389,1.2931,1.3919,1.192,1.417,1.3602,1.3562
Africa,Malawi,MWI,,,,,,,,,,,0.027,0.027,0.029,0.0319,0.0324,0.0398,0.0508,0.0653,0.0702,0.0779,0.0828,0.1028,0.0786,0.0689,0.0672,0.0733,0.0764,0.0812,0.1022,0.1282,0.1488,0.2359,0.207,0.1942,0.2068,0.2321,0.2388,0.2391,0.2427,0.2552,0.3172,0.2915,0.2862,0.3213,0.3503,0.3161,0.347,0.3483,0.4283,0.382,0.4647,0.4164,0.4171,0.4411,0.4191,0.4012,0.4951,0.5682,0.6537,0.7565,0.8035,0.8187,0.7656,0.7669
Asia,Malaysia,MYS,,,,,,,,,,,4.0798,4.0798,4.1915,4.6766,4.9244,5.1736,5.4901,5.1892,5.1142,5.7496,6.3875,6.8583,7.2909,8.4377,8.7072,9.1692,9.7975,10.3834,11.3558,12.4755,14.5569,15.6666,16.7485,17.4329,19.2516,20.478,23.3864,26.9304,25.1498,30.4076,32.2052,34.9577,35.8028,38.1159,40.9583,40.6971,38.9961,41.5264,43.6175,42.7462,44.1011,44.6284,44.3968,58.1718,65.1649,61.212,62.8861,60.5735,60.8296,64.78,50.1615,49.0111,59.2585,66.3485
Asia,Maldives,MDV,,,,,,,,,,,0.0035,0.0035,0.0038,0.0036,0.0035,0.0041,0.0037,0.0041,0.0043,0.0047,0.0048,0.0049,0.0051,0.005,0.0196,0.0213,0.0197,0.0227,0.0276,0.0257,0.0477,0.0493,0.0539,0.0628,0.1398,0.1566,0.1638,0.1445,0.1534,0.1492,0.2637,0.2283,0.2609,0.2139,0.2635,0.2651,0.3429,0.3484,0.4354,0.4927,0.5762,0.6411,0.8109,0.8132,1.0183,0.738,0.775,0.8771,1.002,1.1871,1.2355,1.3286,1.4124,1.4715
Africa,Mali,MLI,,,,,,,,,,,0.027,0.027,0.029,0.0319,0.0324,0.0398,0.0508,0.0653,0.0702,0.0779,0.0828,0.1175,0.0813,0.0862,0.0876,0.0895,0.0761,0.0902,0.0632,0.1237,0.1357,0.1694,0.1575,0.1544,0.1539,0.1622,0.1767,0.1768,0.1844,0.194,0.3691,0.3744,0.3949,0.4072,0.434,0.4559,0.5591,0.6879,0.8307,1.0616,1.0275,1.0693,1.1569,1.2677,1.2662,1.5845,2.157,2.369,2.4839,3.0189,3.2065,3.267,3.4212,3.3219
Europe,Malta,MLT,,,,,,,,,,,0.2041,0.2041,0.2163,0.2444,0.2161,0.1851,0.1909,0.1938,0.1976,0.2037,0.2673,0.2735,0.3114,0.295,0.2955,0.1431,0.4517,0.4513,0.4507,0.4507,0.4507,0.5073,0.526,0.5938,0.5938,0.691,0.5445,0.7457,0.6509,0.5978,0.4564,0.4253,0.2855,0.365,0.4452,0.5037,0.5196,0.5352,0.5838,0.5157,0.5634,0.5539,0.5444,0.5444,0.5509,0.5885,0.5882,0.6091,0.6752,0.718,0.5948,0.6319,0.7397,0.7231
Oceania,Marshall Islands,MHL,,,,,,,,,,,,,,,,,,,,,,,,,,,,,,,,,,,,,,,,,,,,,,,,,,,,,,,,,,,,,,,,
Africa,Mauritania,MRT,,,,,,,,,,,0.0377,0.0377,0.0406,0.0447,0.0454,0.0557,0.0711,0.0915,0.0983,0.109,0.1159,0.1175,0.1084,0.1149,0.1752,0.1628,0.1047,0.1468,0.2436,0.2744,0.2647,0.346,1.012,1.0145,1.0114,1.08,1.1211,1.1271,1.1489,1.2084,0.4845,0.5047,0.5681,0.6005,0.6684,0.7043,0.713,0.8333,1.0419,1.0362,0.9762,1.0113,1.1367,1.0372,1.1578,1.1895,1.1673,1.7806,1.8655,2.2074,2.3445,2.3888,2.5015,2.4289
Africa,Mauritius,MUS,,,,,,,,,,,0.1297,0.1297,0.1553,0.168,0.1871,0.2061,0.2254,0.244,0.2502,0.2437,0.2436,0.2375,0.2341,0.2371,0.2403,0.2405,0.3133,0.3451,0.3738,0.4177,0.443,0.4524,0.503,0.5411,0.5499,0.543,0.5395,0.5266,0.5327,0.7058,0.7538,0.7542,0.7799,0.8116,0.8305,0.8582,0.8682,0.8319,0.8384,0.8695,0.923,0.9324,0.9546,0.9732,0.998,1.0325,1.095,1.1169,1.1372,1.2021,1.0123,1.0321,1.1448,1.1438
North America,Mexico,MEX,,,,,,,,,,,30.2229,30.2229,33.615,36.5465,39.8255,42.6727,46.3514,49.2241,53.4173,60.3016,67.5718,75.4702,75.2392,67.0845,70.3785,70.9389,70.1384,71.9604,73.2907,80.6225,83.4902,89.3897,89.685,91.7548,97.4204,89.3883,91.7085,95.706,98.309,101.0711,105.6122,107.8844,109.7817,116.3803,122.7581,130.2343,137.4067,145.1729,151.1831,147.6966,150.579,151.6586,152.5066,150.6394,151.2396,150.5057,155.8851,151.3733,147.3733,150.1334,107.1113,105.2884,128.0524,130.2114
Europe,Moldova,MDA,,,,,,,,,,,0.8131,0.8131,0.8914,0.965,1.054,1.1593,1.2492,1.2714,1.304,1.3517,1.4558,1.4638,1.4654,1.4456,1.438,1.4512,1.5641,1.617,1.6417,1.6905,2.4161,2.2726,2.2011,1.4255,1.3107,1.3004,1.3946,1.3698,1.0775,0.7153,0.7078,0.7113,0.963,1.1286,1.2587,1.1869,1.1959,1.3106,1.5933,1.5109,1.7392,1.8607,1.6349,1.7226,1.7858,1.9471,2.045,2.0575,2.098,2.162,2.017,2.2322,2.3413,2.359
Europe,Monaco,MCO,,,,,,,,,,,,,,,,,,,,,,,,,,,,,,,,,,,,,,,,,,,,,,,,,,,,,,,,,,,,,,,,
Asia,Mongolia,MNG,,,,,,,,,,,0.4163,0.4163,0.4538,0.4328,0.4203,0.4875,0.4414,0.4893,0.5194,0.5605,0.5702,0.5911,0.7101,0.6973,0.7353,1.2539,1.307,1.3348,2.1001,1.4963,1.5422,0.9893,0.8892,0.9853,0.6702,0.8273,0.8738,0.8062,0.7853,0.8215,0.9739,0.9295,1.0411,0.9978,1.1592,1.0318,1.276,1.5375,1.624,1.4782,1.4512,1.7158,1.9713,1.9167,1.9871,2.0101,1.7646,2.108,2.1657,2.7246,2.7858,2.692,2.8252,2.9069
Europe,Montenegro,MNE,,,,,,,,,,,,,,,,,,,,,,,,,,,,,,,,,,,,,,,,,,,,,,,,,,,,,,,,,,,,,,,,
Africa,Morocco,MAR,,,,,,,,,,,1.7401,1.7401,1.8633,2.002,2.0111,2.1635,2.2693,2.533,2.5937,2.8841,2.5926,2.5587,2.7679,2.675,2.5735,2.6065,2.7591,2.8958,3.0318,3.4707,3.8941,4.3268,4.7937,5.2202,5.6405,5.9863,6.3974,6.8332,7.269,7.7639,8.1718,8.5828,8.9938,9.3706,9.8322,10.2369,10.5436,11.1918,12.2634,12.9727,13.6451,14.4424,14.6534,15.2097,15.4069,16.3754,17.0426,17.6768,18.1646,18.9527,16.6399,18.6408,17.5324,17.3964
Africa,Mozambique,MOZ,,,,,,,,,,,0.3105,0.3105,0.2794,0.3043,0.1987,0.1708,0.1925,0.2515,0.2422,0.1801,0.2887,0.2639,0.2391,0.2328,0.2049,0.1242,0.1025,0.1087,0.1118,0.118,0.6087,0.4995,0.6866,0.8501,0.6958,0.7307,0.8108,0.8264,0.842,0.8451,0.848,0.8408,0.911,1.1253,1.1417,1.0441,1.1315,1.4047,1.3729,1.5371,1.701,2.0635,2.3806,2.5772,3.0222,3.1389,3.469,3.275,3.2531,3.5939,3.2759,4.1683,3.9207,3.9254
Asia,Myanmar,MMR,,,,,,,,,,,1.5454,1.5454,1.4962,1.3036,1.5751,1.3771,1.459,1.631,1.6682,1.8185,1.9093,1.8812,1.9485,1.8401,2.0242,1.8958,2.0987,1.2447,1.2633,1.2491,1.3439,1.2551,1.0381,1.5879,1.8254,2.7204,2.924,2.3983,2.9508,3.0041,3.508,2.8239,3.4742,3.8835,4.3181,4.7524,3.9894,4.4841,2.0952,2.1925,2.3022,2.3556,3.0289,3.5131,3.9619,4.3304,4.4396,5.9346,6.1012,6.3552,5.8689,4.9609,5.1964,5.3645
Africa,Namibia,NAM,,,,,,,,,,,0.0898,0.0898,0.0966,0.1064,0.108,0.1327,0.1693,0.2178,0.2339,0.2596,0.2759,0.2938,0.271,0.2873,0.292,0.2984,0.3546,0.3919,0.5502,0.514,0.5714,0.4772,0.51,0.529,0.571,0.6204,1.0446,1.0694,1.1084,1.1423,1.1389,1.3724,1.2071,1.2634,1.3329,1.5552,1.3898,1.3938,1.5324,1.6965,1.7762,1.8028,1.7658,1.8726,1.9817,2.0643,2.0643,2.0431,2.0646,2.0473,1.8729,1.9174,2.0906,2.1468
Oceania,Nauru,NRU,,,,,,,,,,,,,,,,,,,,,,,,,,,,,,,,,,,,,,,,,,,,,,,,,,,,,,,,,,,,,,,,
Asia,Nepal,NPL,,,,,,,,,,,0.0631,0.0631,0.0631,0.0663,0.0601,0.0699,0.0826,0.089,0.0954,0.1147,0.1591,0.1486,0.1689,0.1824,0.2096,0.2094,0.2367,0.2364,0.2299,0.2505,0.3386,0.4031,0.4369,0.4811,0.5557,0.6229,0.6429,0.7382,0.7719,0.775,0.8256,0.7503,0.7905,0.7833,0.8373,0.8368,0.8845,0.9084,1.3378,1.7524,1.9403,1.9593,1.6671,1.8753,2.1308,1.8084,3.0419,3.7423,4.0302,2.4949,3.9669,4.3764,4.6119,4.7638
Europe,Netherlands,NLD,,,,,,,,,,,16.3938,17.0333,18.2229,19.2112,17.8593,19.2161,22.1822,22.882,22.423,21.7546,22.1223,22.5259,21.5573,22.0793,22.5002,22.4559,23.3526,23.4966,24.4694,25.579,27.0502,27.5359,29.0222,29.8819,29.3147,29.5719,30.8216,30.823,31.5417,32.0925,32.0989,32.3739,33.1314,33.6571,34.1903,34.4236,35.3089,34.5915,34.9505,33.4425,34.0545,34.1459,32.6798,31.1295,28.4158,28.8406,28.9894,29.8225,29.8512,29.4186,24.9537,25.1017,24.9398,25.4901
Oceania,New Zealand,NZL,,,,,,,,,,,4.8754,5.0415,5.6274,5.7139,6.266,6.5926,6.6445,6.6745,6.7335,6.7108,6.7484,6.6626,6.739,6.784,7.1551,7.2539,7.5136,7.7468,8.2625,8.7695,8.662,8.6571,9.0448,9.4368,10.1029,10.7805,10.9078,11.1322,11.3075,11.5916,12.0929,12.1549,12.6325,13.1594,13.4647,13.529,13.6823,13.8079,13.8905,13.6194,13.6061,13.6414,13.5397,13.6935,13.8173,14.3959,14.694,15.6658,16.018,16.1814,13.8196,14.6516,14.8641,15.9996
North America,Nicaragua,NIC,,,,,,,,,,,0.6937,0.6937,0.7281,0.8255,0.8833,0.9045,1.0053,1.1101,1.0313,0.7464,0.8774,0.8881,0.8472,0.8799,0.8447,0.8227,0.9176,0.9463,0.8484,0.7196,0.7447,0.8077,0.9245,0.9504,1.0122,1.1145,1.1691,1.2353,1.3443,1.4066,1.4502,1.465,1.5269,1.518,1.4566,1.4501,1.4949,1.5504,1.5151,1.4859,1.5453,1.6111,1.7049,1.7108,1.8829,2.1296,2.193,2.3335,2.083,2.1541,2.1705,2.4247,2.5514,2.7238
Africa,Niger,NER,,,,,,,,,,,0.1233,0.1233,0.1328,0.1614,0.1488,0.1868,0.1709,0.1929,0.2058,0.215,0.2594,0.3407,0.3628,0.3481,0.3226,0.3227,0.4001,0.387,0.3997,0.4253,0.2122,0.1995,0.193,0.2084,0.2082,0.183,0.1919,0.1913,0.2285,0.219,0.3492,0.3616,0.3649,0.3933,0.403,0.4033,0.4158,0.4886,0.4984,0.6533,0.8029,0.7747,1.0394,1.1056,1.1709,1.2067,1.0804,0.9577,1.03,1.1696,1.1294,1.2529,1.306,1.2671
Africa,Nigeria,NGA,,,,,,,,,,,2.977,2.977,3.4735,4.1618,4.5513,5.4029,7.1646,9.4178,11.5211,11.6169,13.4882,13.9991,15.129,15.7263,14.4557,13.6421,13.0651,12.8062,14.0503,14.1352,11.7602,15.3354,18.7137,16.0715,12.9024,14.944,17.1489,21.8978,18.038,19.6568,21.832,26.5829,27.531,29.0843,29.688,28.7073,24.2273,21.1573,25.3704,23.7401,29.7333,31.7314,35.1641,44.854,49.1804,44.7203,51.2512,51.2974,54.9908,58.8389,50.5135,57.2135,59.6821,57.8574
Europe,North Macedonia,MKD,,,,,,,,,,,0.5457,0.5457,0.5295,0.5605,0.6358,0.6298,0.6477,0.6924,0.7644,0.7437,0.6892,0.6947,0.6325,0.6465,0.6064,0.6818,0.8523,0.7549,0.8415,0.8,0.7656,0.7716,0.7716,1.4516,0.9314,0.8775,1.6729,1.4767,1.0109,1.076,0.9785,0.9449,0.9865,0.9887,1.01,1.0223,1.0224,1.1726,1.1972,1.2866,1.3542,1.4214,1.3603,1.5448,1.6162,1.796,2.0539,2.1344,2.1341,2.3068,1.9508,2.2586,2.4636,2.4894
Europe,Norway,NOR,,,,,,,,,,,6.7384,6.8286,6.9923,6.7545,6.8248,7.9906,7.5924,8.2815,8.4707,9.3214,8.4895,8.1591,8.2784,8.5058,8.8674,9.251,10.0503,10.2036,10.3732,10.5574,10.033,10.1506,10.4047,11.0064,10.8416,11.5199,12.0454,12.2444,12.6769,12.8851,12.055,12.2582,12.2605,12.636,13.0119,13.0696,13.6834,14.2746,13.9281,13.6296,15.0107,14.9825,15.1119,14.9805,15.2825,15.2384,14.7593,13.9547,13.9477,13.5958,12.8251,13.3268,13.7387,13.4938
Asia,Oman,OMN,,,,,,,,,,,0.0931,0.0931,0.0931,0.1149,0.177,0.2515,0.3415,0.6085,0.5123,0.5899,0.6365,0.6861,0.7979,0.919,1.0928,1.2325,1.3071,1.2481,1.2884,1.3598,1.6829,1.8036,1.9504,2.0789,2.1106,2.1915,2.2725,2.416,2.4941,2.5437,2.6249,2.8813,2.8124,3.0371,3.2058,3.6675,4.0929,6.1718,7.3246,7.4428,8.251,9.5634,10.8407,11.9468,12.5373,13.2105,12.4119,12.3032,12.1367,12.0908,10.0525,10.405,11.896,12.2176
Asia,Pakistan,PAK,,,,,,,,,,,3.18,3.18,2.9777,3.3004,3.4386,3.8617,4.1725,4.368,5.2074,6.087,6.7508,7.4604,8.4243,8.4699,9.3356,9.8659,10.3896,12.0419,12.9241,13.4553,13.7861,14.2961,16.112,18.4155,19.4704,20.2425,22.7884,23.3453,24.5602,25.8863,25.5973,25.5319,25.8741,27.1339,29.2563,27.1994,27.5894,33.2046,32.1739,32.6917,33.3598,34.9541,35.7548,36.5915,39.0567,44.0691,49.1341,53.8413,49.335,45.902,52.7733,55.8824,54.0555,43.3748
Oceania,Palau,PLW,,,,,,,,,,,0.7141,0.7141,0.7141,0.7141,0.7141,0.7141,0.7141,0.7141,0.7141,0.7141,0.7141,0.7249,0.7197,0.7472,0.8263,0.6687,0.7289,0.7641,0.7314,0.7638,0.7718,0.7661,0.7002,0.7166,1.0725,0.9043,0.885,0.8459,0.7493,0.7446,0.7893,0.8259,0.4396,0.5407,0.4681,0.5543,0.57,0.4115,0.5487,1.0156,1.0678,1.3706,2.5414,1.3101,0.6727,0.6325,0.6055,0.633,0.6513,0.6713,0.6674,0.6937,0.7319,0.7556
North America,Panama,PAN,,,,,,,,,,,0.788,0.788,0.8226,0.8946,0.9294,0.9486,1.0051,1.0182,1.0779,1.0507,1.0421,1.0211,1.0343,1.0569,1.0888,1.1144,1.1743,1.2218,1.17,1.2051,1.2744,1.3314,1.4317,1.5414,1.6481,1.7332,1.8184,1.9378,2.1615,2.3103,2.3274,2.2305,2.3623,2.4844,2.5544,2.8879,3.0316,2.8282,3.1422,3.419,3.5572,3.6739,3.7101,3.702,3.9466,4.352,4.7015,4.8599,4.8146,5.1074,3.6686,4.9198,5.2779,5.6463
Oceania,Papua New Guinea,PNG,,,,,,,,,,,0.4163,0.4163,0.4538,0.4328,0.4203,0.4875,0.4414,0.4893,0.5194,0.5605,0.5702,0.5911,0.6087,0.5977,0.6862,0.7472,0.613,0.7866,0.7344,0.702,1.0874,1.1083,1.2045,1.2005,1.2451,1.0347,1.075,1.1267,1.0452,1.0165,1.0144,1.2375,1.2578,1.357,1.4695,1.5573,1.6157,1.7048,1.69,2.0657,2.0787,2.2717,2.139,2.057,2.0745,2.4058,2.5765,2.7976,2.7639,2.9727,2.2497,2.3434,2.4906,2.5947
South America,Paraguay,PRY,,,,,,,,,,,0.393,0.393,0.4181,0.4874,0.46,0.4789,0.5454,0.6902,0.8164,0.927,1.0854,1.0577,1.0425,1.0025,1.1409,1.1907,1.2129,1.3391,1.5027,1.5596,1.6213,1.5255,1.8268,2.2764,2.5662,2.9295,2.9576,3.322,3.4801,3.4818,2.8033,2.9906,3.1657,3.3714,3.3663,3.0563,3.3572,3.2074,3.8021,3.955,4.4521,4.6746,4.4198,4.7447,4.9776,5.4747,6.3965,7.2542,7.6139,7.3764,6.9063,7.8604,7.1014,7.1677
South America,Peru,PER,,,,,,,,,,,5.2602,5.2602,5.6427,6.2328,6.0229,6.3994,6.1813,5.8064,5.5273,5.6662,6.1341,6.9139,6.7455,6.1511,6.2668,5.8763,6.2329,7.1776,7.3332,6.7275,7.1369,6.3787,6.8966,7.0542,8.0013,8.6979,9.0886,9.4008,9.3458,9.8694,9.7112,9.0548,8.9229,9.3746,10.6093,10.0781,10.8262,11.2817,13.7922,15.0674,16.8793,17.6992,18.0077,19.5631,19.3422,21.1462,23.1496,23.4842,24.1788,25.5655,19.9162,21.5476,23.1808,24.0271
Asia,Philippines,PHL,,,,,,,,,,,9.8492,9.8492,9.9912,10.4369,9.9326,10.2439,10.1946,10.3345,10.6168,10.5152,10.0105,9.6203,9.7638,9.9075,9.8476,9.9049,10.3185,10.8553,11.3397,11.9897,13.761,13.0123,15.087,17.1083,17.9958,21.2732,24.0955,24.7506,25.4582,25.1605,25.2438,25.1703,26.0992,25.4967,26.3873,25.1142,23.5826,23.713,22.7237,23.5899,23.7494,23.5298,24.4943,25.5633,26.6465,30.821,33.3354,34.4552,35.6394,36.9062,28.4553,31.7788,34.8475,36.4537
Europe,Poland,POL,,,,,,,,,,,28.9801,28.2311,29.3042,29.6846,29.8075,31.0446,30.2236,30.6509,30.6375,29.194,28.1218,26.0766,23.9278,25.2247,24.9565,24.2083,24.8964,25.217,24.0735,23.8227,20.2285,21.0903,21.4699,20.8912,21.5389,22.3168,25.2798,26.7447,28.1885,30.668,26.9682,26.8003,25.8845,28.3001,32.094,34.5128,38.2583,42.3268,44.2772,44.6883,47.1183,47.7243,45.8747,43.1785,43.7914,46.6543,53.26,61.5437,63.3229,64.2933,61.3837,66.4286,67.7151,67.9125
Europe,Portugal,PRT,,,,,,,,,,,3.5399,3.8863,4.2425,4.7344,4.6922,5.3331,5.3783,5.6017,5.7358,6.2475,6.7691,7.0007,7.4548,7.2774,7.0677,6.6521,7.1009,7.7766,8.5439,9.0665,9.6884,10.3479,11.259,11.8227,12.4286,12.9164,13.6943,14.2459,15.5202,16.2475,17.6115,17.8539,18.4888,19.4354,19.895,19.0713,19.0153,19.1788,19.2378,18.955,18.5264,17.1985,15.832,15.6047,15.6891,15.7701,16.3493,16.7,16.8199,17.1967,14.3305,15.4494,16.4197,15.7814
Asia,Qatar,QAT,,,,,,,,,,,0.2334,0.2334,0.2743,0.3337,0.3941,0.4452,0.6392,0.7907,0.8404,0.9346,1.0476,1.1866,1.3724,1.381,1.2751,1.2526,1.2353,1.2623,1.366,1.5865,1.4733,1.4857,1.5835,1.6749,1.7832,1.9668,2.0965,2.3473,2.4667,2.2915,2.4178,2.6178,2.9043,3.363,3.7563,4.7286,5.6482,6.5478,8.4099,8.4632,8.8686,9.8458,9.3028,10.1888,12.2667,12.7924,13.1802,13.4513,11.7595,12.3309,11.4528,12.1829,14.0773,14.7829
Europe,Romania,ROU,,,,,,,,,,,6.5049,6.5049,6.9431,7.3129,6.1265,8.176,8.986,8.1719,7.87,7.6352,6.8851,4.4793,6.1563,5.2721,5.0495,4.2841,3.9884,5.5526,5.1836,10.599,11.734,10.2845,10.4235,8.3468,8.8591,8.1658,11.4767,11.6818,11.0525,9.3061,9.4528,11.5486,11.7867,12.4201,12.8874,12.0716,12.5237,13.2767,14.8584,14.892,13.8264,14.0458,15.3168,14.9203,15.2769,15.3956,16.4626,17.5915,18.0805,18.5506,18.0008,19.1771,20.7484,20.7788
Africa,Rwanda,RWA,,,,,,,,,,,0.0236,0.0236,0.0297,0.0297,0.0297,0.0481,0.0666,0.0658,0.0746,0.0687,0.1988,0.2677,0.2746,0.3223,0.2862,0.2953,0.2916,0.2918,0.3608,0.3549,0.3525,0.3292,0.338,0.3506,0.3663,0.3565,0.3533,0.3591,0.3525,0.3682,0.3029,0.3059,0.3702,0.3088,0.2997,0.3272,0.324,0.2933,0.2901,0.2992,0.2992,0.384,0.4113,0.489,0.5271,0.6237,0.5688,0.5626,0.524,0.6105,0.5809,0.6431,0.5961,0.5963
Oceania,Samoa,WSM,,,,,,,,,,,0.0243,0.0243,0.0265,0.0252,0.0245,0.0284,0.0257,0.0285,0.0303,0.0327,0.0333,0.0345,0.0406,0.0398,0.049,0.0427,0.0298,0.0342,0.0343,0.041,0.0628,0.0648,0.063,0.0706,0.0747,0.0617,0.0641,0.0654,0.0631,0.0614,0.0782,0.0828,0.0807,0.0795,0.0752,0.0845,0.0898,0.0946,0.1113,0.1244,0.144,0.1501,0.1509,0.1399,0.133,0.1529,0.1585,0.1729,0.1687,0.1935,0.2014,0.2166,0.2303,0.2399
Europe,San Marino,SMR,,,,,,,,,,,,,,,,,,,,,,,,,,,,,,,,,,,,,,,,,,,,,,,,,,,,,,,,,,,,,,,,
Africa,Sao Tome and Principe,STP,,,,,,,,,,,0.0018,0.0018,0.0019,0.0021,0.0022,0.0027,0.0034,0.0044,0.0047,0.0052,0.0055,0.0059,0.0054,0.0057,0.0058,0.0054,0.0068,0.0069,0.0087,0.0085,0.0177,0.0234,0.0205,0.0201,0.0245,0.0258,0.0266,0.0266,0.027,0.0284,0.0262,0.0259,0.0301,0.0343,0.0406,0.0446,0.0483,0.051,0.0569,0.0616,0.0651,0.0639,0.0688,0.0703,0.0656,0.0707,0.0774,0.0783,0.0763,0.0938,0.0996,0.1015,0.1167,0.1219
Asia,Saudi Arabia,SAU,,,,,,,,,,,3.3232,3.3232,3.9476,4.3535,4.9206,6.029,7.1671,10.9445,18.5837,22.3089,19.5827,25.4909,29.6136,41.1527,46.8328,44.0922,40.3453,45.4312,47.6978,45.0551,49.4036,51.4713,54.5299,57.4354,61.2373,54.1284,56.8705,57.7182,57.9073,58.1332,60.9413,62.7154,66.4147,68.6798,72.171,75.7518,81.8587,91.2583,98.5314,101.551,105.3986,116.5377,126.8074,128.9048,136.7232,146.9389,146.4491,142.9099,136.1028,136.4324,122.3184,128.2202,139.0687,145.4886
Africa,Senegal,SEN,,,,,,,,,,,0.4346,0.4346,0.4692,0.5106,0.5042,0.5419,0.5954,0.6427,0.633,0.6869,0.716,0.6784,0.6725,0.7394,0.7691,0.7477,0.7127,0.6488,0.5431,0.6879,0.7298,0.7493,0.7879,0.7566,0.7438,0.785,0.849,0.9224,1.018,1.1044,1.1745,1.1708,1.2791,1.4071,1.5164,1.4623,1.5538,2.0272,2.1852,1.9514,2.0604,2.1984,2.1021,2.3322,2.449,2.7179,2.9637,2.625,2.8967,3.0957,2.8659,3.2821,3.5414,3.4308
Europe,Serbia,SRB,,,,,,,,,,,,,,,,,,,,,,,,,,,,,,,,,,,,,,,,,,,,,,,,,,,,,,,,,,,,,,,,
Africa,Seychelles,SYC,,,,,,,,,,,0.0135,0.0135,0.0145,0.016,0.0162,0.0199,0.0254,0.0327,0.0351,0.0389,0.0414,0.0353,0.0298,0.0546,0.0584,0.057,0.061,0.0655,0.1229,0.1248,0.1226,0.1732,0.151,0.1525,0.1521,0.166,0.1708,0.1815,0.1842,0.1937,0.3632,0.3914,0.3561,0.3608,0.5237,0.4834,0.5342,0.4536,0.5021,0.55,0.4838,0.3934,0.4603,0.4239,0.4631,0.4969,0.5833,0.6068,0.5331,0.6024,0.6398,0.6519,0.6857,0.7064
Africa,Sierra Leone,SLE,,,,,,,,,,,0.0449,0.0449,0.0483,0.0532,0.054,0.0663,0.0846,0.1089,0.117,0.1298,0.1379,0.1469,0.1463,0.1436,0.146,0.1492,0.1775,0.1961,0.2754,0.2573,0.286,0.3778,0.2395,0.2347,0.2427,0.2703,0.2732,0.2882,0.2925,0.3076,0.1829,0.2297,0.239,0.2525,0.2593,0.2424,0.3083,0.295,0.2931,0.2995,0.3096,0.3745,0.4367,0.5292,0.5401,0.449,0.4843,0.4757,0.4664,0.478,0.5077,0.5173,0.5417,0.526
Asia,Singapore,SGP,,,,,,,,,,,1.5276,1.5276,1.6125,1.7874,1.7387,1.8608,2.0426,2.4465,2.5934,2.9571,2.8578,3.0477,3.2705,3.4035,3.6447,3.4075,3.474,3.5803,3.4973,4.0728,4.0669,4.9302,4.7595,4.7219,5.1368,5.6462,5.1062,5.0649,5.0801,5.1371,5.2185,5.317,5.2889,5.3051,5.4098,5.594,5.8124,6.007,6.1242,6.7011,6.7864,7.2474,7.0106,6.5131,6.7306,7.2195,7.4049,6.6374,6.3845,6.2977,6.1766,6.1442,6.0305,6.7113
Europe,Slovenia,SVN,,,,,,,,,,,1.8953,1.8953,1.8392,1.9479,2.2093,2.1894,2.2524,2.4069,2.6599,2.5839,2.3953,2.4167,2.1993,2.2469,2.1084,2.3683,2.9611,2.6229,2.9252,2.7834,2.6224,2.4781,2.5556,3.0867,3.4469,3.8428,4.3558,4.5642,3.7937,3.5879,3.5281,3.6867,3.8007,3.8563,4.0419,4.3114,4.5496,5.1513,6.0574,5.078,5.2119,5.567,5.5834,5.2878,5.3043,5.2757,5.6468,5.7708,5.7444,5.5327,4.4982,5.1188,5.382,4.7757
Oceania,Solomon Islands,SLB,,,,,,,,,,,0.0243,0.0243,0.0265,0.0252,0.0245,0.0284,0.0257,0.0285,0.0303,0.0327,0.0333,0.0493,0.0457,0.0498,0.049,0.048,0.035,0.0468,0.0568,0.0529,0.081,0.0836,0.0914,0.0911,0.0964,0.0796,0.0826,0.0844,0.0815,0.0792,0.0977,0.1051,0.1039,0.103,0.1021,0.1157,0.1229,0.1284,0.1495,0.164,0.1959,0.2088,0.2089,0.1969,0.1735,0.1548,0.1444,0.1589,0.1664,0.1727,0.1797,0.1933,0.2055,0.2141
Africa,Somalia,SOM,,,,,,,,,,,0.071,0.071,0.0763,0.084,0.0853,0.1048,0.1337,0.1721,0.1848,0.2051,0.2179,0.2703,0.2466,0.2557,0.2686,0.2469,0.2968,0.2241,0.2832,0.2841,0.2818,0.2104,0.1703,0.176,0.1754,0.1849,0.1903,0.1904,0.1933,0.2033,0.2911,0.2993,0.3363,0.3441,0.3545,0.366,0.384,0.3996,0.4017,0.4038,0.4017,0.3827,0.389,0.3977,0.3713,0.3983,0.4271,0.423,0.4206,0.4727,0.502,0.5115,0.4784,0.4792
Africa,South Africa,ZAF,,,,,,,,,,,28.7199,28.7199,28.8586,30.2706,28.3703,31.345,29.5543,28.6866,29.2139,25.321,25.5837,26.5522,26.4537,26.2123,27.6995,26.4274,26.0684,27.4878,28.6936,28.9507,29.5458,29.5745,30.0627,30.2267,31.3304,35.1738,34.3186,35.2274,34.8915,35.3592,35.1803,36.0054,36.7912,38.9773,41.255,43.2016,44.3515,48.7521,47.0532,45.0708,46.4991,48.7816,48.8432,53.6493,51.2065,53.554,50.923,55.411,54.2412,51.6741,44.3114,48.2214,48.1228,49.4052
Africa,South Sudan,SSD,,,,,,,,,,,,,,,,,,,,,,,,,,,,,,,,,,,,,,,,,,,,,,,,,,,,,,,,,,,,,,,,
Europe,Spain,ESP,,,,,,,,,,,23.3159,25.5158,27.1282,32.3955,35.1066,36.3155,39.8542,39.3293,41.5657,46.8499,45.124,42.5612,42.4272,42.8428,44.4761,43.9428,45.363,47.9279,56.9524,60.3473,63.2138,65.8313,69.3807,68.3905,70.7091,71.9596,76.9047,76.8472,84.2403,88.5096,90.4737,94.6519,96.4278,101.4129,105.7617,109.5413,113.1496,116.1237,109.9247,101.3249,98.4477,91.988,82.6541,81.6526,82.0941,85.1402,88.3378,91.2029,92.2693,93.581,73.7894,86.5391,92.9329,92.1021
Asia,Sri Lanka,LKA,,,,,,,,,,,1.3546,1.3546,1.6987,1.6354,1.4551,1.3116,1.432,1.5566,1.8338,2.051,2.0816,2.0781,2.1965,2.0848,2.334,2.4363,2.4483,2.5083,2.5324,2.4031,2.4958,2.5136,2.7984,2.9934,3.484,3.6963,5.0748,4.6669,4.8766,5.402,5.1564,5.2172,5.315,5.6578,5.8438,6.3153,5.988,6.5694,6.0217,5.499,6.9208,7.3827,7.9824,7.7239,8.0256,9.2297,11.2888,10.4485,9.9507,10.1975,8.89,10.1949,8.5955,9.4371
Africa,Sudan,SDN,,,,,,,,,,,2.0562,2.0562,2.1812,2.4697,2.5273,2.1608,1.5943,1.7048,2.0728,2.1323,2.2744,2.2545,2.5718,2.5849,2.2855,2.7496,2.5879,2.0166,3.1902,2.8205,3.9629,3.1314,3.1211,2.05,2.979,2.7936,2.6479,3.1327,2.9838,2.4256,2.6446,3.4207,3.9097,3.7325,4.0528,4.8144,5.7865,6.3224,7.5976,7.5179,8.4389,8.6598,9.3586,9.7231,10.12,10.6995,11.9706,11.8089,12.1697,12.4251,11.3354,12.9306,12.0293,12.0563
South America,Suriname,SUR,,,,,,,,,,,0.037,0.0369,0.0298,0.0329,0.0384,0.0505,0.0542,0.0558,0.0582,0.0506,0.0725,0.0645,0.062,0.0478,0.0438,0.0567,0.0606,0.0542,0.0633,0.0751,0.181,0.1746,0.1675,0.1742,0.1774,0.1809,0.1767,0.1972,0.2052,0.2118,0.289,0.2954,0.4286,0.4569,0.4724,0.504,0.5323,0.5359,0.5733,0.5848,0.6708,0.5719,0.6928,0.6184,0.6697,0.6756,1.0003,0.8236,0.6789,0.8812,0.8107,0.8134,0.8306,0.8383
Europe,Sweden,SWE,,,,,,,,,,,13.9151,13.8512,14.1534,15.0535,14.947,15.4271,16.5182,17.175,17.6506,17.34,16.6886,16.3821,16.4811,16.803,17.6156,18.1727,19.3775,19.6917,20.7837,21.3311,19.8568,19.5586,20.3441,19.4351,20.1472,20.3406,20.0948,20.3326,20.6281,21.069,21.214,21.1418,21.3499,21.6433,22.0426,20.9938,21.1118,21.2561,20.8149,20.2934,20.6653,20.3745,19.3483,18.849,18.3627,18.4115,17.5914,17.3311,16.4319,16.3586,15.1067,15.3314,13.6122,13.3122
Europe,Switzerland,CHE,,,,,,,,,,,8.2908,9.193,9.5286,9.912,9.4953,9.0069,9.0034,9.564,9.7077,9.7212,10.3352,10.6186,10.8672,11.3441,11.6016,11.709,12.3655,12.601,13.2983,13.6236,14.5063,14.9481,15.2922,14.2689,14.6168,14.3714,14.3855,14.8504,14.9899,14.9726,16.5496,16.2419,16.2688,16.3887,16.4895,16.5724,16.6963,17.0355,17.4493,17.2407,17.1761,16.9752,17.1306,17.0824,16.9197,16.2024,16.0428,15.7479,15.8147,15.7621,14.4479,14.6239,14.4444,14.6636
Asia,Tajikistan,TJK,,,,,,,,,,,0.2379,0.2379,0.2613,0.2838,0.3106,0.342,0.3696,0.3764,0.3859,0.4006,0.4333,0.4347,0.4343,0.4271,0.4226,0.4233,0.454,0.4661,0.4715,0.4844,0.7318,0.7318,0.3659,0.2927,0.1951,0.1799,0.1372,0.1372,0.1159,0.061,0.0427,0.0915,0.122,0.1006,0.1342,0.1243,0.164,0.2554,0.2524,0.2372,0.2676,0.2859,0.8787,0.9037,1.536,1.3312,1.2878,1.1795,1.2257,1.3581,1.6922,1.854,1.9502,1.9609
Africa,Tanzania,TZA,,,,,,,,,,,0.7108,0.7108,0.8514,0.8091,0.7583,0.7472,0.7489,0.7214,0.6668,0.7144,0.6923,0.68,0.621,0.6333,0.633,0.6424,0.6393,0.6612,0.6674,0.6585,0.6995,0.6547,0.6828,0.7107,0.7107,0.8972,1.2017,1.1758,1.3942,1.1592,1.4601,1.7498,2.1968,2.3144,2.3997,2.7636,2.8557,2.8442,3.0931,3.0196,3.5357,4.4345,5.77,6.3511,5.7863,6.5305,7.6376,7.1682,7.4772,7.9837,8.0516,9.5245,8.8762,8.91
Asia,Thailand,THA,,,,,,,,,,,5.8567,5.8567,6.5093,7.4405,6.7643,7.1887,8.5207,9.087,9.5755,10.3763,9.836,10.3442,10.0071,11.9515,13.9645,14.7238,15.5578,17.9484,20.5821,24.65,28.001,28.7478,30.5219,35.9085,39.9376,47.5771,51.9922,51.7937,44.8458,46.3344,45.2749,46.4118,49.0849,52.2574,56.1287,56.1581,52.6634,55.6298,51.9764,54.9056,55.6603,58.4878,60.4561,59.8358,57.9301,61.741,65.7252,71.989,72.1122,73.7792,73.1469,68.5839,78.8804,79.7893
Asia,Timor-Leste,TLS,,,,,,,,,,,0,0,0,0,0,0,0,0,0,0,0,0,0,0,0,0,0,0,0,0,0,0,0,0,0,0,0,0,0,0,0,0,0,0.0607,0.0612,0.0681,0.0712,0.0724,0.091,0.1083,0.1306,0.1398,0.1642,0.2329,0.2497,0.2396,0.2297,0.2564,0.2596,0.2756,0.2869,0.3085,0.3279,0.3417
Africa,Togo,TGO,,,,,,,,,,,0.2066,0.2066,0.2127,0.1995,0.1836,0.244,0.1924,0.243,0.2332,0.3014,0.3158,0.3136,0.3634,0.2264,0.1808,0.2299,0.4058,0.447,0.418,0.4276,0.4264,0.3218,0.2706,0.167,0.3241,0.3935,0.6565,0.432,0.4843,0.5754,0.4342,0.2928,0.4792,0.7014,0.6432,0.6138,0.5781,0.6434,0.8672,1.9312,1.603,1.484,1.2587,0.7381,0.3946,0.7081,0.6095,0.885,1.0068,0.864,1.1364,1.265,1.3336,1.3125
Oceania,Tonga,TON,,,,,,,,,,,0.0069,0.0069,0.0076,0.0072,0.007,0.0081,0.0074,0.0082,0.0087,0.0093,0.0095,0.0148,0.0152,0.0149,0.0147,0.016,0.0079,0.0206,0.026,0.0298,0.0456,0.0481,0.0503,0.0502,0.072,0.054,0.0632,0.0676,0.0664,0.0645,0.042,0.039,0.0406,0.0466,0.0399,0.047,0.0546,0.0454,0.0564,0.0656,0.0691,0.0673,0.0665,0.0599,0.0612,0.0626,0.0641,0.0846,0.0741,0.0909,0.0946,0.1017,0.1081,0.1126
North America,Trinidad and Tobago,TTO,,,,,,,,,,,0.7296,0.7296,0.8295,1.1219,0.894,0.8962,0.9301,1.145,1.2648,1.3112,1.4085,1.4963,1.5993,1.6293,1.7082,1.6782,1.7224,1.7208,1.3371,1.3061,1.3454,1.419,1.356,1.2186,1.283,1.3373,1.3852,1.5049,1.5549,1.5705,1.6373,1.638,1.6886,1.6846,2.053,2.1515,2.6337,2.7758,3.0013,3.0452,3.2036,3.1881,3.1127,2.983,3.3537,3.3715,3.0321,3.0465,2.5025,2.7698,2.3069,2.2216,2.4282,2.5093
Africa,Tunisia,TUN,,,,,,,,,,,0.8915,0.8915,0.9771,1.0658,1.1772,1.2504,1.3716,1.429,1.544,1.6431,1.7708,1.8887,1.9042,2.0429,2.1474,2.2542,2.2029,2.2004,2.2741,2.3788,2.4913,2.561,2.6366,2.9621,3.0952,3.1976,3.32,3.511,3.6114,3.8426,4.0269,4.131,4.2365,4.3777,4.4158,4.5896,4.5615,4.8054,4.6503,5.7165,6.8615,6.3996,6.3564,6.0551,6.3312,6.725,7.083,7.6148,7.6273,7.3196,7.0969,7.9724,8.1178,8.1495
Asia,Turkmenistan,TKM,,,,,,,,,,,1.3428,1.3428,1.4749,1.6021,1.7536,1.9306,2.0865,2.1251,2.1785,2.2615,2.4459,2.4539,2.4518,2.4114,2.386,2.3896,2.5632,2.6315,2.6618,2.7349,9.8221,8.7957,6.877,7.0919,4.2507,3.9918,4.4944,2.685,3.2609,4.1482,6.5012,6.6163,7.5583,8.19,8.2738,8.7652,8.7173,9.5824,9.5366,7.2205,8.2628,9.9685,10.385,11.1152,11.7661,11.7661,12.1289,12.0914,12.1424,11.9053,11.8472,11.862,12.1309,12.0538
Oceania,Tuvalu,TUV,,,,,,,,,,,,,,,,,,,,,,,,,,,,,,,,,,,,,,,,,,,,,,,,,,,,,,,,,,,,,,,,
Africa,Uganda,UGA,,,,,,,,,,,0.3632,0.3632,0.3632,0.3663,0.3788,0.3819,0.5528,0.5158,0.4595,0.431,0.475,0.3774,0.3436,0.2967,0.357,0.3824,0.4399,0.4972,0.5351,0.5061,0.5974,0.6162,0.6159,0.6025,0.5539,0.7181,0.7368,0.7718,0.8829,0.889,0.9047,0.9172,0.9299,0.9581,0.9853,1.0216,1.1287,1.1898,1.3805,1.5244,1.2802,1.6394,2.0416,2.1926,2.4352,2.7419,2.9437,3.1052,3.3855,3.5206,3.3913,3.7665,3.5522,3.545
Europe,Ukraine,UKR,,,,,,,,,,,47.3302,47.3302,48.9135,50.3349,52.055,54.6138,55.2548,54.9561,54.6955,54.6596,55.5304,55.5483,55.5005,54.321,53.84,53.3548,54.7402,55.162,54.9852,55.9108,54.8617,66.1123,40.9448,35.4422,32.2504,33.3218,30.1513,35.8955,33.576,28.1036,26.9171,28.4656,29.7024,29.1694,31.1722,30.5906,30.2298,39.9521,39.9194,33.4182,33.9065,33.6688,31.2469,31.3281,26.91,23.0578,24.2921,25.3547,25.0953,26.6672,21.7009,25.4859,21.7806,22.2331
Asia,United Arab Emirates,ARE,,,,,,,,,,,0.4057,0.4057,0.5419,0.7705,1.0106,1.6505,2.1776,2.2896,2.5551,3.2988,6.9656,8.1889,9.0815,9.2836,9.8227,9.416,9.3851,10.1372,10.4773,10.8177,11.2891,11.6186,11.806,12.6036,12.4849,13.1051,13.2675,13.2036,13.1867,13.5698,14.8515,16.2836,18.7692,20.8637,21.0671,22.7475,23.924,24.5864,26.1621,28.7946,30.0559,30.0847,30.7616,34.6715,35.5773,30.881,34.6297,37.6607,37.6693,35.7784,30.7091,36.2537,42.0724,43.3677
Europe,United Kingdom,GBR,,,,,,,,,,,71.3482,73.7045,76.2538,81.3246,79.1128,77.7836,80.6406,82.813,86.7919,88.5285,89.1993,86.4584,88.4747,90.9633,95.353,96.5229,102.6214,106.4488,113.372,118.6662,114.9713,114.3612,115.8267,117.0016,117.3789,116.3315,120.8545,121.9533,121.1918,124.7289,122.9477,121.8988,123.17,124.573,125.9763,127.2021,128.854,129.5536,122.7401,118.3184,116.8489,115.4011,114.9111,114.1737,115.6427,118.8202,121.6266,122.086,120.5629,118.5898,94.5308,104.3231,107.0033,108.4809
North America,United States,USA,,,,,,,,,,,1039.7828,1086.6479,1154.5967,1206.4598,1178.3568,1193.4708,1246.5694,1285.1881,1331.2096,1303.3298,1241.2331,1235.8919,1227.5183,1243.7907,1281.7035,1292.5644,1315.0225,1359.2783,1421.9826,1433.5868,1426.9725,1399.6682,1430.6614,1454.1851,1506.8958,1537.7559,1577.1938,1602.1294,1640.36,1686.1773,1717.8487,1720.0372,1741.6418,1766.7548,1788.6669,1807.7222,1806.018,1806.3663,1708.2744,1622.5473,1679.7732,1633.5907,1597.5315,1646.9372,1639.846,1700.0469,1711.2183,1724.0175,1762.2354,1757.3448,1507.9152,1663.6783,1699.428,1710.6454
South America,Uruguay,URY,,,,,,,,,,,1.7356,1.7356,1.8626,1.8142,1.6555,1.6618,1.7439,1.7635,1.7639,1.9327,1.6525,1.666,1.5893,1.5188,1.3761,1.3348,1.3476,1.411,1.4435,1.5103,1.5169,1.612,1.7329,1.9554,2.2003,2.1817,2.3189,2.519,2.6907,2.7827,2.5172,2.4142,2.1804,2.0918,2.2111,2.2742,2.5012,2.6775,2.7268,2.9435,3.1,3.2245,3.2647,3.4328,3.4188,3.4494,3.5179,3.6753,3.6281,4.175,3.5137,3.887,3.9726,4.0156
Asia,Uzbekistan,UZB,,,,,,,,,,,2.701,2.701,2.9501,3.1868,3.468,3.8179,4.0958,4.1667,4.2686,4.4202,4.7439,4.7743,4.7811,4.7223,4.6885,4.6992,5.0167,5.145,5.2053,5.341,7.6859,6.9363,5.4297,4.7734,4.2711,6.8628,9.3658,9.4872,12.9366,13.4885,13.4943,13.89,13.4005,12.1698,12.1696,12.2062,12.93,12.9055,12.781,11.9854,12.7548,12.3377,10.0529,8.9034,8.5175,8.0356,8.109,8.7597,14.4745,14.9916,15.7646,16.2792,16.6121,16.3187
Oceania,Vanuatu,VUT,,,,,,,,,,,0.0278,0.0278,0.0303,0.0289,0.028,0.0325,0.0294,0.0326,0.0346,0.0374,0.038,0.0345,0.0355,0.0349,0.0343,0.0427,0.0317,0.0315,0.0414,0.034,0.052,0.0482,0.0268,0.0267,0.0283,0.0233,0.0242,0.0247,0.0239,0.0232,0.0352,0.0401,0.0372,0.0415,0.0311,0.0344,0.0328,0.0519,0.0585,0.0721,0.0846,0.1006,0.0829,0.0756,0.0812,0.0739,0.074,0.0907,0.1167,0.1185,0.1234,0.1327,0.141,0.1469
Africa,Zambia,ZMB,,,,,,,,,,,0.6312,0.6312,0.6854,0.7335,0.6865,0.7366,0.7682,0.6808,0.6337,0.5743,0.8738,0.8429,0.7377,0.7564,0.7812,0.7441,0.7167,0.7564,0.8701,0.7427,0.7734,0.97,0.927,0.6605,0.8108,0.805,0.6256,0.7297,0.6995,0.6727,0.7316,0.7685,0.8054,0.8607,0.9222,0.9899,1.0161,0.904,0.9817,1.1459,1.2333,1.3439,1.613,1.6626,1.8788,2.1008,2.0764,1.867,1.8449,1.8445,1.9003,2.5174,2.3576,2.3584
Africa,Zimbabwe,ZWE,,,,,,,,,,,2.0795,2.0795,2.2841,2.2773,1.9325,2.149,1.8585,1.729,1.6789,1.6136,1.8726,1.9913,1.7451,1.9775,1.82,1.9036,2.123,2.0888,2.1181,2.1129,2.0948,1.5921,2.214,1.9723,1.7484,2.174,2.1349,2.1375,2.1221,3.1277,1.9226,1.7959,1.6643,1.3935,1.2144,1.3204,1.276,1.2316,1.0301,1.1055,1.3179,2.2545,2.5546,2.8374,2.5505,2.3409,1.8381,1.9961,2.6232,2.2368,1.5124,1.5847,1.4742,1.4784
