Continent,Country Name,Country Code,Year,CO2 Emissions,Chemicals (percent of Value added in manufacturing),GDP per Capita (USD)
Africa,Algeria,DZA,2011,34.2189,0.393477524900013,5916.313644
Africa,Algeria,DZA,2012,38.6433,0.45233498198953,6033.648847
Africa,Algeria,DZA,2013,40.2637,0.530543913007825,5979.60139
Africa,Algeria,DZA,2014,43.5052,0.534666247077271,6094.693923
Africa,Algeria,DZA,2015,46.4091,0.829332360014163,4685.059027
Africa,Botswana,BWA,2014,2.2282,7.96790887352334,7122.364234
Africa,Botswana,BWA,2015,2.3091,9.23004052027748,6141.203947
Africa,Botswana,BWA,2016,2.2622,9.01400970835233,6749.059943
Africa,Botswana,BWA,2017,2.3003,9.83201241629946,7104.964011
Africa,Botswana,BWA,2018,2.4587,9.91819260301257,7407.959401
Africa,Botswana,BWA,2019,2.3582,10.0995505778947,7172.089565
Africa,Botswana,BWA,2020,2.1312,10.780653985216,6323.314192
Africa,Botswana,BWA,2021,2.1557,11.1128888807357,7808.20624
Africa,Burundi,BDI,2007,0.1848,3.66470092670598,166.1627449
Africa,Burundi,BDI,2008,0.1092,2.15376123554464,189.5020746
Africa,Burundi,BDI,2009,0.1084,3.30005800286962,199.097633
Africa,Burundi,BDI,2010,0.1577,3.08204159427868,216.7277053
Africa,Burundi,BDI,2011,0.1894,2.04759161434583,230.0705774
Africa,Burundi,BDI,2012,0.1784,2.2083390259958,231.6884964
Africa,Burundi,BDI,2013,0.2011,2.78920380909449,234.8430454
Africa,Burundi,BDI,2014,0.1729,2.78920380906093,250.5404811
Africa,Burundi,BDI,2015,0.1822,2.78920380915672,280.9668313
Africa,Cabo Verde,CPV,2015,0.3978,1.95063127788758,3415.062667
Africa,Cabo Verde,CPV,2016,0.4398,2.45962883390604,3608.966066
Africa,Cabo Verde,CPV,2017,0.467,2.67871507159822,3893.095723
Africa,Cabo Verde,CPV,2018,0.4638,2.42211695091862,4294.965105
Africa,Cameroon,CMR,2001,1.8592,2.15646901840888,715.4702965
Africa,Cameroon,CMR,2002,2.0652,10.158994005704,789.6238111
Africa,Eritrea,ERI,2000,0.2039,6.37761176914265,314.3573968
Africa,Eritrea,ERI,2001,0.2485,5.68829139604367,325.4091615
Africa,Eritrea,ERI,2002,0.2708,8.33937944466383,304.7757565
Africa,Eritrea,ERI,2003,0.2742,7.68344685959983,348.9503271
Africa,Eritrea,ERI,2004,0.2555,7.13540444926566,426.8409479
Africa,Eritrea,ERI,2005,0.1823,7.58794779642466,412.7530792
Africa,Eritrea,ERI,2006,0.1598,10.0912928501599,447.9974047
Africa,Eritrea,ERI,2007,0.1373,5.23655252987398,480.4476237
Africa,Eritrea,ERI,2008,0.1213,10.6370894851175,490.066956
Africa,Eritrea,ERI,2009,0.1181,6.71203273086503,642.9257229
Africa,Eritrea,ERI,2010,0.1404,5.74486414297962,539.6995121
Africa,Eritrea,ERI,2011,0.2365,6.65575282927651,688.6816596
Africa,Eswatini,SWZ,2011,0.5161,0.0874626898773,4312.342434
Africa,Ethiopia,ETH,2000,1.5923,4.7218557119816,122.2692026
Africa,Ethiopia,ETH,2001,1.9896,4.68171779760478,118.4572043
Africa,Ethiopia,ETH,2002,2.0787,5.19587946370115,109.5938136
Africa,Ethiopia,ETH,2003,2.1661,5.20737511233871,116.8004911
Africa,Ethiopia,ETH,2004,2.3409,5.85263385536962,133.1698125
Africa,Ethiopia,ETH,2005,2.1183,5.16863028127804,158.2434581
Africa,Ethiopia,ETH,2006,2.2565,4.41603669977703,189.3457375
Africa,Ethiopia,ETH,2007,2.4525,4.90860375079665,237.146256
Africa,Ethiopia,ETH,2008,2.5352,5.78907209151514,316.4104751
Africa,Ethiopia,ETH,2009,2.6494,7.97282014971107,368.5747123
Africa,Ethiopia,ETH,2010,2.7082,8.09673231035637,330.6194128
Africa,Ethiopia,ETH,2011,2.862,8.889679176776,343.0249424
Africa,Ethiopia,ETH,2012,3.2502,8.52990736499321,452.1010319
Africa,Ethiopia,ETH,2013,3.7997,11.0385090415808,484.0398331
Africa,Ethiopia,ETH,2014,4.2357,10.6215556676665,549.9865771
Africa,Ethiopia,ETH,2015,4.7131,10.6215556661725,621.8456738
Africa,Ghana,GHA,2013,7.2383,0.927990286487427,2294.025645
Africa,Kenya,KEN,2009,4.1653,0.581087820580634,1047.967832
Africa,Kenya,KEN,2010,4.9501,0.546651827639277,1091.518731
Africa,Kenya,KEN,2011,4.6137,0.421185348962568,1096.144998
Africa,Kenya,KEN,2012,4.8999,0.461980830670927,1285.005362
Africa,Kenya,KEN,2013,5.8174,0.270620769699949,1370.878852
Africa,Kenya,KEN,2014,6.4845,0.540150706879951,1482.815663
Africa,Kenya,KEN,2015,7.9867,0.652266132726995,1489.119598
Africa,Kenya,KEN,2016,8.7772,1.96833922124893,1554.126103
Africa,Kenya,KEN,2017,8.5903,1.93374361910519,1667.484472
Africa,Kenya,KEN,2018,9.6699,2.06239166815719,1836.452755
Africa,Kenya,KEN,2019,10.7315,2.04267636196411,1960.408089
Africa,Kenya,KEN,2020,10.3995,2.16635288108441,1927.66459
Africa,Madagascar,MDG,2001,0.8657,1.83579745799596,319.2832782
Africa,Madagascar,MDG,2002,0.6008,2.10918659106168,304.9417774
Africa,Madagascar,MDG,2003,0.8365,1.7516973585145,352.6200958
Africa,Madagascar,MDG,2004,0.886,1.73747533198946,272.2007486
Africa,Madagascar,MDG,2005,0.847,1.63854688208519,305.8120749
Africa,Madagascar,MDG,2006,0.8162,2.05970856821253,324.1468749
Africa,Malawi,MWI,2017,0.5682,0.7217477838157,495.7696834
Africa,Malawi,MWI,2018,0.6537,0.443018135213965,533.2031737
Africa,Malawi,MWI,2019,0.7565,0.661049718814276,580.8898161
Africa,Mauritius,MUS,2007,0.8319,4.39838755135804,6574.663576
Africa,Mauritius,MUS,2008,0.8384,5.19031141868512,8030.052281
Africa,Mauritius,MUS,2009,0.8695,5.13675783855904,7318.12641
Africa,Morocco,MAR,2019,18.9527,3.60997133702192,3508.097656
Africa,Namibia,NAM,2017,2.0431,4.75126419364893,5143.960723
Africa,Namibia,NAM,2018,2.0646,4.47690083130334,5308.608134
Africa,Namibia,NAM,2019,2.0473,4.61607615679496,4731.921032
Africa,Namibia,NAM,2020,1.8729,5.58739856492152,3878.58983
Africa,Namibia,NAM,2021,1.9174,5.17716760762762,4412.835569
Africa,Niger,NER,2000,0.3492,50.5286701911346,194.7719599
Africa,Niger,NER,2001,0.3616,44.9163732394366,205.4179361
Africa,Niger,NER,2002,0.3649,24.7716894977169,225.2943911
Africa,Rwanda,RWA,2014,0.5271,9.93788819875776,724.9575212
Africa,Rwanda,RWA,2015,0.6237,4.9039098740888,733.998585
Africa,Rwanda,RWA,2016,0.5688,5.28952113804849,729.5191542
Africa,Rwanda,RWA,2017,0.5626,5.73992549949204,758.301003
Africa,Rwanda,RWA,2018,0.524,6.37419749312137,771.773522
Africa,Rwanda,RWA,2019,0.6105,7.47565148723348,810.0514202
Africa,Rwanda,RWA,2020,0.5809,6.87843616371411,778.7015386
Africa,Rwanda,RWA,2021,0.6431,7.25533187163644,828.8330328
Africa,Senegal,SEN,2008,2.1852,2.60908079582726,1398.79218
Africa,Senegal,SEN,2009,1.9514,3.06038831041943,1308.694043
Africa,Senegal,SEN,2010,2.0604,2.88375645786055,1275.883575
Africa,Senegal,SEN,2011,2.1984,2.72177498825214,1374.675919
Africa,Senegal,SEN,2012,2.1021,3.27602844474124,1326.837988
Africa,Senegal,SEN,2013,2.3322,3.72011111244752,1379.831966
Africa,Senegal,SEN,2014,2.449,-15.0025240948606,1398.891376
Africa,Senegal,SEN,2015,2.7179,-0.328301912368084,1218.006136
Africa,Senegal,SEN,2016,2.9637,8.0530028015384,1266.439572
Africa,Senegal,SEN,2017,2.625,1.59718852408096,1356.805184
Africa,Senegal,SEN,2018,2.8967,1.48310623709636,1452.556126
Africa,Senegal,SEN,2019,3.0957,1.50461509376002,1431.181289
Africa,South Africa,ZAF,2000,35.1803,6.52519320404459,3217.846934
Africa,South Africa,ZAF,2001,36.0054,6.58311994437755,2847.151919
Africa,South Africa,ZAF,2002,36.7912,6.62436487679206,2688.23676
Africa,South Africa,ZAF,2003,38.9773,6.5932181978958,4062.21756
Africa,South Africa,ZAF,2004,41.255,6.44349440703046,5221.463337
Africa,South Africa,ZAF,2005,43.2016,6.45491210127169,5836.876633
Africa,South Africa,ZAF,2006,44.3515,6.67808356411204,6077.382934
Africa,South Africa,ZAF,2007,48.7521,6.55468572162475,6591.85536
Africa,South Africa,ZAF,2008,47.0532,6.41148718671376,6184.754743
Africa,South Africa,ZAF,2009,45.0708,6.69154843805585,6374.7056
Africa,South Africa,ZAF,2010,46.4991,6.89806599091647,7973.471958
Africa,South Africa,ZAF,2011,48.7816,6.99650601051138,8646.055711
Africa,South Africa,ZAF,2012,48.8432,6.99650601064296,8076.976785
Africa,South Africa,ZAF,2013,53.6493,6.99650601055547,7331.654674
Africa,South Africa,ZAF,2014,51.2065,6.99650601061758,6856.731371
Africa,South Africa,ZAF,2015,53.554,6.99650601056755,6112.273825
Africa,South Africa,ZAF,2016,50.923,6.99650601060983,5651.205852
Africa,South Africa,ZAF,2017,55.411,6.99650601052219,6618.335083
Africa,South Africa,ZAF,2018,54.2412,6.99650601053145,6914.178032
Africa,South Africa,ZAF,2019,51.6741,6.99650601052789,6533.71121
Africa,South Africa,ZAF,2020,44.3114,6.99650601054159,5580.603831
Africa,South Africa,ZAF,2021,48.2214,6.99650601053992,6843.399419
Africa,South Africa,ZAF,2022,48.1228,6.99650601054456,6523.410978
Africa,Sudan,SDN,2001,3.4207,4.08550272518646,451.2933044
Africa,Sudan,SDN,2006,5.7865,4.0715607649599,1132.474609
Africa,Tanzania,TZA,2008,3.0931,1.40582773221891,675.9772339
Africa,Tanzania,TZA,2009,3.0196,2.70355106345828,693.8235474
Africa,Tanzania,TZA,2010,3.5357,1.2931697282251,736.5301514
Africa,Tanzania,TZA,2011,4.4345,1.34292754512591,775.3927612
Africa,Tanzania,TZA,2012,5.77,1.31165209622161,861.9699097
Africa,Tanzania,TZA,2013,6.3511,0.430078662392534,963.0571289
Africa,Tanzania,TZA,2014,5.7863,0.430063652446308,1022.748413
Africa,Tanzania,TZA,2015,6.5305,0.619221134495904,939.1273193
Africa,Tanzania,TZA,2016,7.6376,0.659648152711345,953.0107422
Africa,Tanzania,TZA,2017,7.1682,0.659653336327804,986.6740112
Africa,Tanzania,TZA,2018,7.4772,0.659642737329593,1023.106262
Africa,Tanzania,TZA,2019,7.9837,0.659646834501093,1063.32251
Africa,Tanzania,TZA,2020,8.0516,0.659653374441131,1117.415283
Africa,Tanzania,TZA,2021,9.5245,0.659661907348431,1159.856567
Africa,Tunisia,TUN,2011,6.3996,8.94748901861156,4420.647722
Africa,Tunisia,TUN,2012,6.3564,10.6995459665151,4297.267825
Africa,Tunisia,TUN,2013,6.0551,10.3047474670129,4369.793458
Africa,Tunisia,TUN,2014,6.3312,9.54687249473949,4458.978955
Africa,Tunisia,TUN,2015,6.725,8.98470240421244,4014.947737
Africa,Uganda,UGA,2000,0.9047,11.067156933628,258.0503387
Africa,Zambia,ZMB,2010,1.2333,6.0808426310503,1451.10616
Africa,Zambia,ZMB,2011,1.3439,15.0282947319293,1624.868178
Africa,Zambia,ZMB,2012,1.613,14.7666469289982,1710.050613
Africa,Zambia,ZMB,2013,1.6626,9.91935914552737,1820.718548
Africa,Zambia,ZMB,2014,1.8788,9.66646186254718,1707.485731
Africa,Zambia,ZMB,2015,2.1008,10.0830040958353,1295.877887
Africa,Zimbabwe,ZWE,2014,2.5505,0.331835679450598,1372.212781
Africa,Zimbabwe,ZWE,2015,2.3409,0.286669926232273,1386.422847
Africa,Zimbabwe,ZWE,2016,1.8381,0.286877231192706,1407.415364
Africa,Zimbabwe,ZWE,2017,1.9961,0.254196184613691,3448.082537
Africa,Zimbabwe,ZWE,2018,2.6232,0.785947560760344,2271.853335
Asia,Armenia,ARM,2015,1.6559,1.06161590790853,3512.393503
Asia,Armenia,ARM,2016,1.5801,1.12309399825853,3524.424769
Asia,Armenia,ARM,2017,1.6736,0.907518046834557,3869.053739
Asia,Armenia,ARM,2018,1.8011,1.22152312057548,4196.005623
Asia,Armenia,ARM,2019,2.0588,1.17865634535189,4597.228874
Asia,Armenia,ARM,2020,2.261,1.13497035832029,4268.680933
Asia,Armenia,ARM,2021,2.3661,1.34804902448066,4685.179971
Asia,Azerbaijan,AZE,2009,4.2484,0.0160161809187797,4950.39949
Asia,Azerbaijan,AZE,2010,4.9517,0.0200803911501143,5843.533768
Asia,Azerbaijan,AZE,2011,5.7967,0.0276382954452432,7189.818692
Asia,Azerbaijan,AZE,2012,6.4017,0.022045958289384,7495.865277
Asia,Azerbaijan,AZE,2013,7.2931,0.04227838502277,7875.345367
Asia,Azerbaijan,AZE,2014,7.5522,0.0323835954940493,7890.840281
Asia,Azerbaijan,AZE,2015,6.7995,0.036665032646803,5500.503646
Asia,Azerbaijan,AZE,2016,6.407,0.0115732640675008,3880.685228
Asia,Azerbaijan,AZE,2017,7.7222,0.0122102356149396,4147.198142
Asia,Azerbaijan,AZE,2018,8.5101,0.0104357273661597,4739.794312
Asia,Azerbaijan,AZE,2019,8.4188,0.0292610935799544,4805.753718
Asia,Azerbaijan,AZE,2020,6.8511,0.0537458456650163,4229.910649
Asia,Azerbaijan,AZE,2021,7.6891,0.0585981214137237,5408.045352
Asia,Bahrain,BHR,2001,1.5877,18.6666666666667,13573.23399
Asia,Bahrain,BHR,2002,1.7808,18.1533646322379,13501.47088
Asia,Bahrain,BHR,2003,1.9354,21.4557564224548,14486.0269
Asia,Bahrain,BHR,2004,2.1188,21.8161925601751,15963.94932
Asia,Bahrain,BHR,2005,2.4819,23.8071895424837,17966.16578
Asia,Bahrain,BHR,2006,2.5948,14.142349591318,19267.28262
Asia,Bahrain,BHR,2007,2.8232,12.2585418056927,20908.40425
Asia,Bahrain,BHR,2008,3.0894,17.019777157947,23299.49928
Asia,Bahrain,BHR,2009,3.0422,14.6548336730916,19465.31407
Asia,Bahrain,BHR,2010,3.1245,14.0620279607906,21819.32911
Asia,Bahrain,BHR,2011,2.9441,15.9571710749365,25032.78677
Asia,Bahrain,BHR,2012,3.1615,14.2382132146117,26438.67332
Asia,Bahrain,BHR,2013,3.2764,14.4914033673845,26989.76011
Asia,Bahrain,BHR,2014,3.3746,15.1881429243768,26451.79656
Asia,Bahrain,BHR,2015,3.5224,13.7210579862591,23734.05511
Asia,Bahrain,BHR,2016,3.5994,16.0992811829293,23800.00144
Asia,Bahrain,BHR,2017,3.7103,16.0992811816929,24784.76935
Asia,Bahrain,BHR,2018,3.8249,16.0992811828927,26324.40665
Asia,Bangladesh,BGD,2012,8.7005,2.16745806584727,859.6805364
Asia,Bangladesh,BGD,2018,12.1054,2.11775327416561,1965.243727
Asia,Cambodia,KHM,2000,1.3204,0.127966836301745,296.4266875
Asia,China,CHN,2008,507.0676,10.7936022079296,3468.327063
Asia,China,CHN,2009,517.0746,10.7936022085299,3832.227457
Asia,China,CHN,2010,568.7798,10.7936022082782,4550.473944
Asia,China,CHN,2011,621.89,10.8113828302765,5614.386022
Asia,China,CHN,2012,686.1263,10.8113828302316,6300.58218
Asia,China,CHN,2013,741.0944,10.8113828302756,7020.386074
Asia,China,CHN,2014,770.35,10.8113828299006,7636.07434
Asia,China,CHN,2015,828.4621,10.8113828295794,8016.445595
Asia,China,CHN,2016,845.3566,10.8113828300373,8094.390167
Asia,China,CHN,2017,877.8151,10.8113828298269,8817.045608
Asia,China,CHN,2018,950.9561,10.8113828298504,9905.406383
Asia,China,CHN,2019,944.3723,10.8113828297999,10143.86022
Asia,China,CHN,2020,901.9615,10.811382829901,10408.71955
Asia,China,CHN,2021,969.4479,10.8113828300138,12617.5051
Asia,Cyprus,CYP,2008,2.1884,4.06697205496989,35397.29688
Asia,Cyprus,CYP,2009,2.1893,4.14399565311099,32236.44922
Asia,Cyprus,CYP,2010,2.2371,4.83899716083558,31105.02734
Asia,Cyprus,CYP,2011,2.17,5.40074055770418,32485.79688
Asia,Cyprus,CYP,2012,1.9981,6.60354230839849,28991.93555
Asia,Cyprus,CYP,2013,1.7952,8.80370398007299,27797.45703
Asia,Cyprus,CYP,2014,1.7503,9.27255066928836,27244.35156
Asia,Cyprus,CYP,2015,1.8189,9.77884892371091,23487.22852
Asia,Cyprus,CYP,2016,1.9318,9.59551360129923,24715.1543
Asia,Cyprus,CYP,2017,2.0045,10.4722626703512,26696.99023
Asia,Cyprus,CYP,2018,2.0165,10.1491979965609,29599.98633
Asia,Cyprus,CYP,2019,2.0354,10.7701511550556,29703.05273
Asia,Cyprus,CYP,2020,1.7724,13.8736253319602,28649.01563
Asia,Cyprus,CYP,2021,1.9044,10.3466174601106,33734.29297
Asia,Georgia,GEO,2012,2.4527,2.6876563514989,4530.695334
Asia,Georgia,GEO,2013,3.0738,2.47196497891574,4712.002294
Asia,Georgia,GEO,2014,3.4386,3.09102283979397,4830.334862
Asia,Georgia,GEO,2015,3.7804,2.63540797663984,4086.622347
Asia,Georgia,GEO,2016,4.2913,3.39114098611527,4143.401257
Asia,Georgia,GEO,2017,3.87,3.60895497132117,4418.752065
Asia,Georgia,GEO,2018,3.7596,3.47516776335867,4804.054604
Asia,Georgia,GEO,2019,3.9017,3.77741510824743,4741.283272
Asia,Georgia,GEO,2020,3.7727,4.46990211220147,4300.857013
Asia,Georgia,GEO,2021,4.1656,3.83553254377542,5083.606955
Asia,India,IND,2008,163.2097,5.96883158200392,992.5195849
Asia,India,IND,2009,178.7119,5.81170327544055,1094.949746
Asia,India,IND,2010,192.9189,5.59768851311264,1347.519391
Asia,India,IND,2011,209.2899,7.0038401893123,1445.461275
Asia,India,IND,2012,221.5177,6.50444059657411,1429.321995
Asia,India,IND,2013,226.2589,7.28561646967675,1432.843975
Asia,India,IND,2014,235.7472,7.42212997508941,1553.883961
Asia,India,IND,2015,257.7479,7.64944134848151,1583.998159
Asia,India,IND,2016,269.3869,7.53231516044821,1707.508929
Asia,India,IND,2017,291.2317,7.38637594145231,1950.104683
Asia,India,IND,2018,305.6906,8.18736251865321,1966.254552
Asia,India,IND,2019,308.4561,8.8282692680168,2041.428637
Asia,India,IND,2020,268.6636,9.52190140632864,1907.042516
Asia,India,IND,2021,295.0934,8.85361554840759,2239.613844
Asia,Indonesia,IDN,2008,72.0703,17.5859225924174,2124.554839
Asia,Indonesia,IDN,2009,81.6817,17.2234769485521,2218.485419
Asia,Indonesia,IDN,2010,89.1139,13.7783041367764,3065.683484
Asia,Indonesia,IDN,2011,108.496,14.2462736917046,3579.464425
Asia,Indonesia,IDN,2012,129.6247,1.18159433852156,3632.27254
Asia,Indonesia,IDN,2013,136.1181,0.791063549239417,3566.602845
Asia,Indonesia,IDN,2014,136.587,0.89320378865594,3441.068085
Asia,Indonesia,IDN,2015,132.025,0.81021764279124,3288.222697
Asia,Indonesia,IDN,2016,128.0997,1.46611969978482,3521.469435
Asia,Indonesia,IDN,2017,135.0437,3.0811734122424,3798.883262
Asia,Indonesia,IDN,2018,150.9892,2.22783348074255,3860.953531
Asia,Indonesia,IDN,2019,149.4781,1.96647732149158,4106.948562
Asia,Indonesia,IDN,2020,126.8164,2.199320794884,3853.702888
Asia,Indonesia,IDN,2021,135.6674,2.31978200828085,4287.17314
Asia,Iraq,IRQ,2013,31.63,0.74027438422294,6650.352822
Asia,Iraq,IRQ,2014,25.0628,0.100629382487403,6249.39227
Asia,Iraq,IRQ,2015,24.0132,0.100037967737329,4440.141893
Asia,Iraq,IRQ,2016,24.5169,0.0748833514791197,4334.420964
Asia,Iraq,IRQ,2017,27.734,5.58441492099321,4759.284644
Asia,Iraq,IRQ,2018,32.3749,0.917972048258927,5646.689321
Asia,Iraq,IRQ,2019,34.4342,2.34629963047759,5671.856863
Asia,Iraq,IRQ,2020,28.6973,0.877719409272931,4295.189451
Asia,Iraq,IRQ,2021,33.4508,0.14168316341434,4868.494311
Asia,Israel,ISR,2011,15.6682,11.1612581233154,34433.82261
Asia,Israel,ISR,2012,17.1502,11.6722822883585,33236.57312
Asia,Israel,ISR,2013,15.8908,10.6729387646774,36929.60422
Asia,Israel,ISR,2014,16.0328,8.92962374328113,38230.4954
Asia,Israel,ISR,2015,16.9281,12.9623886838621,36123.99079
Asia,Israel,ISR,2016,17.489,8.86950447649309,37556.62729
Asia,Israel,ISR,2017,17.9643,7.18254001809587,40997.91102
Asia,Israel,ISR,2018,18.0406,7.56681118157111,42233.26103
Asia,Israel,ISR,2019,18.1326,5.18433598861887,44140.82894
Asia,Israel,ISR,2020,16.2971,5.42822053209434,44679.77158
Asia,Japan,JPN,2008,233.8099,4.09012772619626,39876.30397
Asia,Japan,JPN,2009,227.6361,5.12750958889842,41308.99684
Asia,Japan,JPN,2010,228.6503,4.47166886329037,44968.15623
Asia,Japan,JPN,2011,223.0273,11.1409659872862,48760.07895
Asia,Japan,JPN,2012,220.6993,4.75933897045897,49145.28043
Asia,Japan,JPN,2013,218.0274,4.66204733432723,40898.6479
Asia,Japan,JPN,2014,211.9674,4.18694120536596,38475.39525
Asia,Japan,JPN,2015,211.3432,10.758636185575,34960.63938
Asia,Japan,JPN,2016,208.9082,11.3664085119753,39375.47316
Asia,Japan,JPN,2017,207.0502,11.0952805501594,38834.05293
Asia,Japan,JPN,2018,204.5087,11.0287676852823,39751.1331
Asia,Japan,JPN,2019,200.359,11.4885952927783,40415.95676
Asia,Japan,JPN,2020,181.2296,11.9350228388631,40040.76551
Asia,Jordan,JOR,2011,5.3319,9.73902395014971,3946.855039
Asia,Jordan,JOR,2012,6.8698,9.9221877259142,4169.504701
Asia,Jordan,JOR,2013,7.114,10.2541336446435,4311.219167
Asia,Jordan,JOR,2014,7.0454,11.8297790116334,4191.180501
Asia,Jordan,JOR,2015,7.8293,10.9245060860742,4042.756781
Asia,Jordan,JOR,2016,8.2974,8.6694441193847,3986.71677
Asia,Jordan,JOR,2017,9.1197,8.72864821062597,4065.616287
Asia,Jordan,JOR,2018,9.0094,9.35978612775755,4145.439897
Asia,Jordan,JOR,2019,8.4763,8.45862162799035,4170.1144
Asia,Jordan,JOR,2020,7.1253,7.8859717554702,4022.040136
Asia,Jordan,JOR,2021,7.9317,8.0138479186476,4183.499983
Asia,Kazakhstan,KAZ,2009,12.4388,0.201022787803217,6938.011757
Asia,Kazakhstan,KAZ,2010,13.1541,0.428774897571836,8793.0759
Asia,Kazakhstan,KAZ,2011,13.465,0.498532984456054,11287.14649
Asia,Kazakhstan,KAZ,2012,14.587,0.590543832284783,12018.79665
Asia,Kazakhstan,KAZ,2013,13.7347,2.35753451317804,13478.45963
Asia,Kazakhstan,KAZ,2014,14.4129,2.10262268826665,12427.70946
Asia,Kazakhstan,KAZ,2015,15.3532,2.03650686938036,10196.12263
Asia,Kazakhstan,KAZ,2016,15.9492,1.90463932054342,7475.566887
Asia,Kazakhstan,KAZ,2017,15.3728,2.4400407530428,8943.084168
Asia,Kazakhstan,KAZ,2018,17.4721,2.3893488259282,9472.485273
Asia,Kazakhstan,KAZ,2019,16.3445,2.77187340995816,9457.126147
Asia,Kazakhstan,KAZ,2020,20.6928,3.25400436674641,8781.507978
Asia,Kazakhstan,KAZ,2021,22.6479,2.94864865368749,9983.601036
Asia,Kuwait,KWT,2000,6.0221,3.10523512155596,19296.34717
Asia,Kuwait,KWT,2001,6.1288,3.14288280144689,17374.23187
Asia,Kuwait,KWT,2002,6.5144,13.2013201320132,18512.7523
Asia,Kuwait,KWT,2003,7.0782,14.8181011535049,22690.65518
Asia,Kuwait,KWT,2004,7.5373,15.5575322141935,27552.28274
Asia,Kuwait,KWT,2005,8.1592,15.5743992266389,36122.61427
Asia,Kuwait,KWT,2006,9.2575,15.1671931870472,42946.63741
Asia,Kuwait,KWT,2007,9.5699,16.6236000579028,45709.41329
Asia,Kuwait,KWT,2008,10.5412,18.4336979742299,55585.18893
Asia,Kuwait,KWT,2009,11.7278,12.0152048408607,37907.10013
Asia,Kuwait,KWT,2010,12.6701,10.4508672673126,39212.27267
Asia,Kuwait,KWT,2011,12.1544,16.6095707097741,49169.6064
Asia,Kuwait,KWT,2012,12.4851,25.2105772681047,52155.22255
Asia,Kuwait,KWT,2013,13.1451,25.2029436175979,49651.04397
Asia,Kuwait,KWT,2014,13.3412,21.6443156385194,44368.78137
Asia,Kuwait,KWT,2015,14.0231,22.8495912519362,29882.21269
Asia,Kuwait,KWT,2016,14.206,25.4488107470923,27323.68906
Asia,Kuwait,KWT,2017,15.0182,30.8315701051164,29047.65358
Asia,Kuwait,KWT,2018,15.8654,31.4177595643353,32067.96237
Asia,Kuwait,KWT,2019,16.0492,22.7834735131878,31707.87375
Asia,Kuwait,KWT,2020,13.1367,22.783473529226,25236.07555
Asia,Kuwait,KWT,2021,16.0383,22.7834735136681,34043.54215
Asia,Lebanon,LBN,2004,4.0112,9.24329679781916,4600.683714
Asia,Lebanon,LBN,2005,4.0423,9.35554689798635,4602.198046
Asia,Lebanon,LBN,2006,3.8903,9.08958699180034,4635.251412
Asia,Lebanon,LBN,2007,3.0583,8.58466342826798,5125.2581
Asia,Lebanon,LBN,2008,4.4401,10.8843809491094,5912.045328
Asia,Lebanon,LBN,2009,5.1138,9.85737216376377,7090.854939
Asia,Lebanon,LBN,2010,5.0457,9.85179386959007,7625.810516
Asia,Lebanon,LBN,2011,5.0584,8.57080229117055,7834.962571
Asia,Lebanon,LBN,2012,8.1195,8.4721370738882,8406.984056
Asia,Lebanon,LBN,2013,6.7174,8.80264375956001,8162.379294
Asia,Lebanon,LBN,2014,7.1225,9.36961581249071,7577.64133
Asia,Lebanon,LBN,2015,8.3469,9.91307880059024,7714.11
Asia,Lebanon,LBN,2016,8.8632,9.37072839064406,8089.012088
Asia,Lebanon,LBN,2017,9.3247,10.0383308776497,8608.21085
Asia,Lebanon,LBN,2018,8.1123,11.6895096504435,9174.536662
Asia,Lebanon,LBN,2019,8.4203,11.590488705468,8905.880055
Asia,Lebanon,LBN,2020,7.2267,14.5615463575343,5561.19167
Asia,Malaysia,MYS,2009,42.7462,0.538401494607613,7191.432872
Asia,Malaysia,MYS,2010,44.1011,0.518417958073065,8899.345055
Asia,Malaysia,MYS,2012,44.3968,0.488022229566793,10600.57442
Asia,Malaysia,MYS,2014,65.1649,0.619030033325259,11013.31073
Asia,Malaysia,MYS,2015,61.212,0.567443300396471,9648.679794
Asia,Malaysia,MYS,2017,60.5735,0.503053793631635,9862.548066
Asia,Malaysia,MYS,2018,60.8296,0.502267934154252,10901.802
Asia,Malaysia,MYS,2019,64.78,0.468329114392057,10920.19176
Asia,Malaysia,MYS,2020,50.1615,0.612790896563298,9957.526267
Asia,Maldives,MDV,2013,0.8132,0.0419282652089647,8236.081779
Asia,Maldives,MDV,2014,1.0183,0.0419282646504921,8939.074166
Asia,Maldives,MDV,2015,0.738,0.0419282642154567,9644.90655
Asia,Mongolia,MNG,2010,1.4512,1.18340056785149,2625.218814
Asia,Mongolia,MNG,2011,1.7158,1.60523237502208,3736.042015
Asia,Mongolia,MNG,2012,1.9713,0.694667569227254,4328.890019
Asia,Mongolia,MNG,2013,1.9167,0.740355407197054,4340.143105
Asia,Mongolia,MNG,2014,1.9871,1.70447532521251,4126.239758
Asia,Mongolia,MNG,2015,2.0101,2.14766537603293,3838.92127
Asia,Mongolia,MNG,2016,1.7646,2.32901060307597,3619.900264
Asia,Mongolia,MNG,2017,2.108,3.29899116808892,3645.967087
Asia,Mongolia,MNG,2018,2.1657,3.22603687100741,4107.642885
Asia,Mongolia,MNG,2019,2.7246,2.85248306645804,4347.546103
Asia,Mongolia,MNG,2020,2.7858,2.94683905356881,4001.251931
Asia,Myanmar,MMR,2014,3.9619,7.78987994496339,1293.000423
Asia,Myanmar,MMR,2015,4.3304,9.14203184797144,1166.733055
Asia,Myanmar,MMR,2016,4.4396,28.1132929757424,1229.197135
Asia,Myanmar,MMR,2017,5.9346,10.2941296604158,1272.822418
Asia,Myanmar,MMR,2018,6.1012,23.3977045985102,1298.213103
Asia,Myanmar,MMR,2019,6.3552,13.1292723543573,1425.989542
Asia,Myanmar,MMR,2020,5.8689,13.1754836596311,1490.216835
Asia,Myanmar,MMR,2021,4.9609,25.6230791977937,1242.721344
Asia,Nepal,NPL,2011,1.9593,2.68774065932983,785.5186562
Asia,Nepal,NPL,2020,3.9669,2.0110487472322,1154.215176
Asia,Oman,OMN,2005,3.6675,0.360240034154745,14434.85779
Asia,Oman,OMN,2006,4.0929,0.436287459043231,16930.85651
Asia,Oman,OMN,2007,6.1718,1.06223030215622,18792.65377
Asia,Oman,OMN,2008,7.3246,0.651746103475069,26576.77924
Asia,Oman,OMN,2009,7.4428,0.482576508810853,20655.91802
Asia,Oman,OMN,2010,8.251,0.321114071592432,23570.17981
Asia,Oman,OMN,2011,9.5634,0.520451008657483,25188.00742
Asia,Oman,OMN,2012,10.8407,0.457301100423644,24642.29788
Asia,Oman,OMN,2013,11.9468,0.421681465516011,23458.02338
Asia,Oman,OMN,2014,12.5373,0.131583863595941,23160.65023
Asia,Oman,OMN,2015,13.2105,0.0860089337906343,18808.30779
Asia,Oman,OMN,2016,12.4119,0.572030816586045,17110.18975
Asia,Oman,OMN,2017,12.3032,0.536585916880215,17820.06618
Asia,Oman,OMN,2018,12.1367,0.387720114264939,19901.76156
Asia,Pakistan,PAK,2016,49.1341,6.23828766397921,1424.691612
Asia,Philippines,PHL,2006,23.5826,2.52328990639456,1426.146492
Asia,Philippines,PHL,2008,22.7237,1.26557316757442,1959.292335
Asia,Philippines,PHL,2009,23.5899,1.84594937546231,1864.450434
Asia,Philippines,PHL,2010,23.7494,2.11820305491442,2162.913759
Asia,Philippines,PHL,2012,24.4943,1.46180633981761,2614.616444
Asia,Philippines,PHL,2013,25.5633,2.97860871623456,2781.279577
Asia,Philippines,PHL,2014,26.6465,2.17944657126699,2866.838038
Asia,Philippines,PHL,2015,30.821,1.34226723312433,2909.85818
Asia,Philippines,PHL,2016,33.3354,1.64516468120424,2985.19564
Asia,Philippines,PHL,2017,34.4552,1.32204075201051,3038.12125
Asia,Philippines,PHL,2018,35.6394,3.21178936811337,3168.510366
Asia,Philippines,PHL,2019,36.9062,0.728755732308473,3400.789498
Asia,Philippines,PHL,2020,28.4553,2.02747019883451,3227.579102
Asia,Philippines,PHL,2021,31.7788,0.466285552346076,3484.385939
Asia,Qatar,QAT,2014,12.2667,0.0193893709770895,95840.63101
Asia,Qatar,QAT,2015,12.7924,0.0113318385234968,68985.2947
Asia,Qatar,QAT,2016,13.1802,0.0161519048776402,61253.63755
Asia,Qatar,QAT,2017,13.4513,0.0592484174686661,63279.85569
Asia,Qatar,QAT,2018,11.7595,0.0579880897816829,71039.84906
Asia,Qatar,QAT,2019,12.3309,0.0611347394403687,66841.30135
Asia,Qatar,QAT,2020,11.4528,0.0729496316692953,51683.50544
Asia,Qatar,QAT,2021,12.1829,0.0630571172940114,71751.88312
Asia,Saudi Arabia,SAU,2010,105.3986,0.320244092595996,22028.37902
Asia,Saudi Arabia,SAU,2011,116.5377,0.325605597858463,26966.29416
Asia,Saudi Arabia,SAU,2012,126.8074,0.347960401107349,28348.57301
Asia,Saudi Arabia,SAU,2013,128.9048,0.363416160934216,27290.19781
Asia,Saudi Arabia,SAU,2014,136.7232,0.361704673772767,27079.67339
Asia,Saudi Arabia,SAU,2015,146.9389,0.388922359045734,22453.57155
Asia,Saudi Arabia,SAU,2016,146.4491,0.388097495648617,21515.66001
Asia,Saudi Arabia,SAU,2017,142.9099,0.399793802247349,23081.20453
Asia,Saudi Arabia,SAU,2018,136.1028,0.407983277264164,28036.02647
Asia,Saudi Arabia,SAU,2019,136.4324,0.590647946581889,27892.84215
Asia,Saudi Arabia,SAU,2020,122.3184,0.717879089466411,23271.40376
Asia,Saudi Arabia,SAU,2021,128.2202,0.45190950479571,28396.08642
Asia,Singapore,SGP,2005,5.594,16.5373021054782,29961.31728
Asia,Singapore,SGP,2006,5.8124,21.3113162507841,33768.45282
Asia,Singapore,SGP,2007,6.007,22.5504247532327,39432.88602
Asia,Singapore,SGP,2008,6.1242,16.5687253720455,40008.57205
Asia,Singapore,SGP,2009,6.7011,18.0024954305187,38926.80544
Asia,Singapore,SGP,2010,6.7864,14.0479316588841,47236.68308
Asia,Singapore,SGP,2011,7.2474,19.1755417309552,53891.45703
Asia,Singapore,SGP,2012,7.0106,22.890745895121,55547.55531
Asia,Singapore,SGP,2013,6.5131,15.0426026364555,56967.42579
Asia,Singapore,SGP,2014,6.7306,14.9123046173442,57564.80231
Asia,Singapore,SGP,2015,7.2195,15.0969965244085,55645.60686
Asia,Singapore,SGP,2016,7.4049,15.7783239451399,56899.91818
Asia,Singapore,SGP,2017,6.6374,11.9435620794839,61162.09739
Asia,Singapore,SGP,2018,6.3845,13.1297021986049,66840.63734
Asia,Singapore,SGP,2019,6.2977,6.68224004518077,66081.71992
Asia,Singapore,SGP,2020,6.1766,9.86652698764765,61466.80368
Asia,Singapore,SGP,2021,6.1442,7.0992451311412,79601.41296
Asia,Sri Lanka,LKA,2013,7.7239,0.181653905447406,3740.615893
Asia,Sri Lanka,LKA,2014,8.0256,0.319077245546808,3971.919131
Asia,Sri Lanka,LKA,2015,9.2297,0.397316979801218,4060.131397
Asia,Sri Lanka,LKA,2016,11.2888,0.424863840485849,4149.761055
Asia,Sri Lanka,LKA,2017,10.4485,0.408068865978891,4401.05567
Asia,Sri Lanka,LKA,2018,9.9507,0.386532524800818,4360.584735
Asia,Sri Lanka,LKA,2019,10.1975,0.456231761193419,4082.694049
Asia,Thailand,THA,2011,58.4878,0.538183991132957,5373.623283
Asia,Thailand,THA,2016,65.7252,0.845087713616763,5833.577156
Asia,Thailand,THA,2021,68.5839,0.601946717423834,7058.0695
Asia,United Arab Emirates,ARE,2012,30.7616,1.46845934770884,52034.47625
Asia,United Arab Emirates,ARE,2013,34.6715,1.55894380400792,52023.5171
Asia,United Arab Emirates,ARE,2014,35.5773,1.3365988379667,51381.40699
Asia,United Arab Emirates,ARE,2015,30.881,1.44784327203987,43534.99727
Asia,United Arab Emirates,ARE,2016,34.6297,1.63656118429988,41326.40182
Asia,United Arab Emirates,ARE,2017,37.6607,1.47823184397501,42340.59171
Asia,United Arab Emirates,ARE,2018,37.6693,1.25443572994598,45689.857
Asia,United Arab Emirates,ARE,2019,35.7784,0.319427381953078,44251.45414
Asia,United Arab Emirates,ARE,2020,30.7091,0.477474145518944,37173.87541
Asia,United Arab Emirates,ARE,2021,36.2537,0.145963311577223,43360.0211
Asia,Uzbekistan,UZB,2013,8.9034,0.999555176308232,2461.979474
Asia,Uzbekistan,UZB,2014,8.5175,0.942657657817083,2674.962838
Asia,Uzbekistan,UZB,2015,8.0356,1.14542966092942,2803.19018
Asia,Uzbekistan,UZB,2016,8.109,1.62277579997705,2753.379514
Asia,Uzbekistan,UZB,2017,8.7597,1.56766303893522,2190.604116
Asia,Uzbekistan,UZB,2018,14.4745,1.04597427882544,1813.085308
Asia,Uzbekistan,UZB,2019,14.9916,1.009971417211,2041.384807
Asia,Uzbekistan,UZB,2020,15.7646,1.01662288408959,1978.280519
Asia,Uzbekistan,UZB,2021,16.2792,1.21970590250295,2258.519641
Europe,Austria,AUT,2005,24.5497,2.98650649852797,38157.37023
Europe,Austria,AUT,2006,23.3986,2.83893659784396,40382.20783
Europe,Austria,AUT,2007,23.587,3.01509874025244,46622.96229
Europe,Austria,AUT,2008,22.5545,2.52578557345915,51581.39824
Europe,Austria,AUT,2009,21.719,3.23569086073572,47857.44466
Europe,Austria,AUT,2010,22.5295,3.33588109925896,46611.13934
Europe,Austria,AUT,2011,21.7208,3.12158374364751,51116.89535
Europe,Austria,AUT,2012,21.6553,2.8415429526621,48250.40591
Europe,Austria,AUT,2013,23.1161,3.1796130823629,50305.35458
Europe,Austria,AUT,2014,22.6591,3.75781857846743,51314.97226
Europe,Austria,AUT,2015,23.1665,3.48143840263643,43915.22802
Europe,Austria,AUT,2016,23.9933,3.38074987635663,45061.49939
Europe,Austria,AUT,2017,24.5485,3.25436898725516,47163.74258
Europe,Austria,AUT,2018,24.7957,3.45979351980852,51194.07498
Europe,Austria,AUT,2019,24.8298,3.89532262902996,49885.99474
Europe,Austria,AUT,2020,21.672,4.01992471066849,48716.40989
Europe,Austria,AUT,2021,22.334,3.45639001361551,53648.71907
Europe,Belarus,BLR,2014,11.591,1.62618446276841,8341.290143
Europe,Belarus,BLR,2015,10.3846,2.44007141825924,5967.06856
Europe,Belarus,BLR,2016,10.7984,2.74508303691571,5039.775609
Europe,Belarus,BLR,2017,11.2574,2.63680152078687,5785.533977
Europe,Belarus,BLR,2018,11.84,2.55526983686858,6360.053101
Europe,Belarus,BLR,2019,11.802,2.53121071875295,6837.768321
Europe,Belarus,BLR,2020,10.614,2.77531345189121,6542.86454
Europe,Belarus,BLR,2021,10.3895,2.6818712596665,7489.718947
Europe,Belgium,BEL,2005,26.1874,13.8678141912609,36809.70134
Europe,Belgium,BEL,2007,27.4288,12.3969453586715,44319.16545
Europe,Belgium,BEL,2008,27.5027,11.6265258293328,48303.39796
Europe,Belgium,BEL,2009,26.6936,8.15214608695652,44923.34001
Europe,Belgium,BEL,2010,25.8688,13.304589793822,44197.39367
Europe,Belgium,BEL,2011,25.4717,14.778637913109,47760.82988
Europe,Belgium,BEL,2012,24.7092,10.366969325679,44874.17092
Europe,Belgium,BEL,2013,24.2182,13.2090705216844,46964.59468
Europe,Belgium,BEL,2014,24.4465,12.6128075188892,47995.7787
Europe,Belgium,BEL,2015,26.0926,12.2232082903019,40893.80454
Europe,Belgium,BEL,2016,25.7912,15.6976217481582,41854.54983
Europe,Belgium,BEL,2017,25.2002,13.9635672568833,44035.32394
Europe,Belgium,BEL,2018,25.2817,17.7547190192001,47487.21004
Europe,Belgium,BEL,2019,24.9597,20.8275922884448,46716.62275
Europe,Belgium,BEL,2020,20.7636,23.2034385641247,45906.28758
Europe,Belgium,BEL,2021,22.9232,21.0230399723866,51655.78833
Europe,Bosnia and Herzegovina,BIH,2010,3.4032,1.47965352181304,4506.478285
Europe,Bosnia and Herzegovina,BIH,2011,3.4068,1.64431602891314,4982.693758
Europe,Bosnia and Herzegovina,BIH,2012,3.1897,2.40195308974524,4693.788991
Europe,Bosnia and Herzegovina,BIH,2013,2.8176,2.12108839053719,5034.56616
Europe,Bosnia and Herzegovina,BIH,2014,2.9806,2.71244513041582,5206.065583
Europe,Bosnia and Herzegovina,BIH,2015,3.1064,2.3109304191429,4662.258837
Europe,Bosnia and Herzegovina,BIH,2016,3.62,2.1834054165081,4928.566525
Europe,Bosnia and Herzegovina,BIH,2017,3.7762,2.46358472597727,5345.019855
Europe,Bosnia and Herzegovina,BIH,2018,3.752,2.70008142279374,6047.845843
Europe,Bosnia and Herzegovina,BIH,2019,4.0147,2.06340301345611,6122.375345
Europe,Bosnia and Herzegovina,BIH,2020,3.6363,2.2002257419129,6130.311332
Europe,Bosnia and Herzegovina,BIH,2021,4.1802,1.73214685631385,7295.343824
Europe,Bulgaria,BGR,2005,7.7639,3.0625503810418,3899.825963
Europe,Bulgaria,BGR,2006,8.1901,2.91524249398892,4523.146558
Europe,Bulgaria,BGR,2007,7.925,2.31115344453825,5888.776852
Europe,Bulgaria,BGR,2008,8.3051,4.62420353542307,7271.303389
Europe,Bulgaria,BGR,2009,7.9775,2.85639068053179,6988.273163
Europe,Bulgaria,BGR,2010,7.7599,4.37693738375697,6863.667068
Europe,Bulgaria,BGR,2011,7.9352,4.67063229786296,7857.16707
Europe,Bulgaria,BGR,2012,8.212,2.98295454545455,7430.73738
Europe,Bulgaria,BGR,2013,7.2682,3.10326377742108,7687.713682
Europe,Bulgaria,BGR,2014,8.1347,5.73352573352573,7912.274844
Europe,Bulgaria,BGR,2015,8.9279,5.85088874259381,7078.860323
Europe,Bulgaria,BGR,2016,9.0449,5.63238982443569,7570.931655
Europe,Bulgaria,BGR,2017,9.1891,5.67441248107432,8381.881346
Europe,Bulgaria,BGR,2018,9.397,2.39611370051861,9436.144799
Europe,Bulgaria,BGR,2019,9.508,2.25596262601426,9838.60059
Europe,Bulgaria,BGR,2020,8.9357,6.09095490047871,10198.53883
Europe,Bulgaria,BGR,2021,9.6151,2.41965504405013,12274.0776
Europe,Croatia,HRV,2008,6.15,3.69129602415081,15889.43471
Europe,Croatia,HRV,2009,6.1123,4.36360770044748,14475.96329
Europe,Croatia,HRV,2010,5.87,5.39347697984337,13731.28652
Europe,Croatia,HRV,2011,5.7552,5.02765177303604,14694.99932
Europe,Croatia,HRV,2012,5.5454,5.49958219520765,13508.6837
Europe,Croatia,HRV,2013,5.6309,5.70101358927094,14136.39677
Europe,Croatia,HRV,2014,5.5756,5.90940724768092,14187.96945
Europe,Croatia,HRV,2015,5.8866,4.92718778600609,12285.30326
Europe,Croatia,HRV,2016,6.1013,5.34613137599096,12821.17381
Europe,Croatia,HRV,2017,6.5731,4.67979780987946,13902.63105
Europe,Croatia,HRV,2018,6.3365,4.60858901218068,15460.41833
Europe,Croatia,HRV,2019,6.5107,5.87196371305781,15563.81674
Europe,Croatia,HRV,2020,5.7055,6.24189015877206,14808.46202
Europe,Croatia,HRV,2021,6.1622,4.98890582320281,17789.93047
Europe,Denmark,DNK,2005,13.1708,3.83937663521689,48925.80767
Europe,Denmark,DNK,2006,13.465,8.77291788801437,52119.1788
Europe,Denmark,DNK,2007,14.0223,4.08480607890335,58631.65664
Europe,Denmark,DNK,2008,13.8706,9.80632130403636,64616.66576
Europe,Denmark,DNK,2009,13.1382,11.3990080953031,58412.74724
Europe,Denmark,DNK,2010,12.9903,13.130842927284,58104.54456
Europe,Denmark,DNK,2011,12.6437,13.9350609202967,61809.7379
Europe,Denmark,DNK,2012,11.5874,15.9436110892363,58443.77471
Europe,Denmark,DNK,2013,11.3805,16.1179372067776,61377.59406
Europe,Denmark,DNK,2014,11.4728,19.1373533188428,62520.45097
Europe,Denmark,DNK,2015,12.0009,20.1078165458113,53094.01336
Europe,Denmark,DNK,2016,12.1562,20.2491518990345,54500.92604
Europe,Denmark,DNK,2017,12.1424,20.6813498992235,57521.5515
Europe,Denmark,DNK,2018,12.3077,20.3081755910924,61324.7665
Europe,Denmark,DNK,2019,12.0384,7.68973189912671,59404.26632
Europe,Denmark,DNK,2020,11.0476,22.6826185692634,60985.48856
Europe,Denmark,DNK,2021,11.1979,20.9000001759158,69727.98737
Europe,Estonia,EST,2008,2.3191,0.477920640040337,18205.90641
Europe,Estonia,EST,2009,2.1291,0.511609133701512,14712.44942
Europe,Estonia,EST,2010,2.2441,0.481064349727571,14663.7041
Europe,Estonia,EST,2011,2.2443,0.491144863160662,17555.54552
Europe,Estonia,EST,2012,2.2753,0.423185604845077,17568.2138
Europe,Estonia,EST,2013,2.2264,0.348738467655361,19310.38749
Europe,Estonia,EST,2014,2.23,0.323625447255106,20581.7899
Europe,Estonia,EST,2015,2.2955,0.311850311850312,17722.15577
Europe,Estonia,EST,2016,2.3456,0.510008034373144,18666.37365
Europe,Estonia,EST,2017,2.4253,0.400901199390365,20851.52235
Europe,Estonia,EST,2018,2.4634,0.334851730067272,23618.13613
Europe,Estonia,EST,2019,2.4346,0.35924995618903,24021.25014
Europe,Estonia,EST,2020,2.2599,0.535471359518365,23933.99394
Europe,Estonia,EST,2021,2.3784,0.412604096785421,27953.76702
Europe,Finland,FIN,2005,12.627,1.98263630712117,39049.87038
Europe,Finland,FIN,2006,12.8087,2.00928993396249,41214.01878
Europe,Finland,FIN,2007,13.1477,1.6637650845661,48473.02401
Europe,Finland,FIN,2008,12.5269,5.00325661848644,53769.47262
Europe,Finland,FIN,2009,11.9612,5.54423142024614,47478.34953
Europe,Finland,FIN,2010,12.4667,3.06771145019167,46506.2919
Europe,Finland,FIN,2011,12.2936,3.32585205383352,51060.32426
Europe,Finland,FIN,2012,11.9897,3.94178623954012,47551.67408
Europe,Finland,FIN,2014,10.7055,4.32291669136587,50073.77608
Europe,Finland,FIN,2015,10.6965,7.15501065419966,42560.34568
Europe,Finland,FIN,2016,11.9103,4.73215112939389,43451.25624
Europe,Finland,FIN,2017,11.3062,4.3659169433876,46085.01747
Europe,Finland,FIN,2018,11.5087,4.48356941365095,49654.2497
Europe,Finland,FIN,2019,11.1148,8.35295350543193,48358.18078
Europe,Finland,FIN,2020,10.3244,4.67871738008564,48828.68469
Europe,Finland,FIN,2021,9.8709,3.72561675947306,53099.13514
Europe,France,FRA,2008,124.3195,4.65384710145605,45464.81814
Europe,France,FRA,2009,122.9294,4.83690943004234,41728.08842
Europe,France,FRA,2010,123.271,4.86023999463436,40694.82117
Europe,France,FRA,2011,128.1588,4.75490638103652,43929.78409
Europe,France,FRA,2012,127.0926,4.87248065305363,40863.58144
Europe,France,FRA,2013,126.068,4.93465933263336,42669.17951
Europe,France,FRA,2014,126.2163,4.69535131206255,43148.04593
Europe,France,FRA,2015,127.4286,4.8559660500841,36702.43237
Europe,France,FRA,2016,127.9722,5.2683365492047,37024.21571
Europe,France,FRA,2017,128.5438,5.12797995239485,38687.16264
Europe,France,FRA,2018,125.6484,5.04973785740405,41418.17665
Europe,France,FRA,2019,125.3635,5.02397510222684,40408.28486
Europe,France,FRA,2020,106.0021,5.67929382281189,39169.8606
Europe,France,FRA,2021,118.914,5.20784496979619,43725.09995
Europe,Germany,DEU,2005,155.6293,7.56539100275465,35084.43635
Europe,Germany,DEU,2006,153.4831,7.23688679281475,36980.33499
Europe,Germany,DEU,2007,148.3805,7.27236187929784,42350.92172
Europe,Germany,DEU,2008,148.8937,3.60646782439752,46386.32959
Europe,Germany,DEU,2009,147.0592,4.00301316039947,42487.21371
Europe,Germany,DEU,2010,148.1233,3.38670474978029,42409.9357
Europe,Germany,DEU,2011,149.9427,3.29442796046156,47646.58204
Europe,Germany,DEU,2012,148.5133,3.31206850184067,44735.58823
Europe,Germany,DEU,2013,152.367,3.21095742917033,47220.01021
Europe,Germany,DEU,2014,154.573,3.29000499603207,48971.08247
Europe,Germany,DEU,2015,157.5904,2.9947363393359,41911.01099
Europe,Germany,DEU,2016,161.0244,3.11707979191508,42961.03569
Europe,Germany,DEU,2017,163.4918,2.67568787380039,45526.59996
Europe,Germany,DEU,2018,157.66,3.14229032903523,48874.8595
Europe,Germany,DEU,2019,160.0386,3.74778710147713,47623.86561
Europe,Germany,DEU,2020,142.452,4.62521638209143,47379.76519
Europe,Germany,DEU,2021,147.2432,3.64920512932569,52265.65416
Europe,Greece,GRC,2008,22.1979,3.15707326606942,31695.83311
Europe,Greece,GRC,2009,24.798,3.79026344396822,29425.45732
Europe,Greece,GRC,2010,21.9868,4.53783722841782,26653.0488
Europe,Greece,GRC,2011,19.6398,2.9429677499395,25504.78665
Europe,Greece,GRC,2012,16.4151,3.56592406535562,21624.34605
Europe,Greece,GRC,2013,16.3059,6.01265502867021,21573.34498
Europe,Greece,GRC,2014,16.3472,4.99494212984498,21474.72571
Europe,Greece,GRC,2015,16.6846,5.06510583121793,17980.72982
Europe,Greece,GRC,2016,17.159,4.97297696124546,17919.24264
Europe,Greece,GRC,2017,16.8835,4.86946267699058,18631.99301
Europe,Greece,GRC,2018,17.1689,5.27515000126583,19873.40152
Europe,Greece,GRC,2019,17.5507,5.14337352421912,19335.3602
Europe,Greece,GRC,2020,14.8361,6.92718783762926,17886.73317
Europe,Greece,GRC,2021,15.9518,6.08268977251649,20654.7002
Europe,Hungary,HUN,2005,11.7947,5.55911854732057,11223.3993
Europe,Hungary,HUN,2006,12.5989,6.00534047306708,11489.56087
Europe,Hungary,HUN,2007,12.9709,5.80441526236716,13940.90928
Europe,Hungary,HUN,2008,12.8861,5.01387520272038,15772.33008
Europe,Hungary,HUN,2009,12.8076,6.26306805973093,13077.30547
Europe,Hungary,HUN,2010,11.6492,6.74630635290598,13217.5046
Europe,Hungary,HUN,2011,10.8309,6.87725559275722,14234.47158
Europe,Hungary,HUN,2012,10.5065,7.25257759278543,12984.83657
Europe,Hungary,HUN,2013,9.7939,6.08178624566344,13715.07036
Europe,Hungary,HUN,2014,10.9288,6.03188923241662,14294.25842
Europe,Hungary,HUN,2015,11.9314,5.91638228370166,12717.0386
Europe,Hungary,HUN,2016,11.9586,5.69196377340476,13104.69955
Europe,Hungary,HUN,2017,12.7272,6.23593646591661,14621.2396
Europe,Hungary,HUN,2018,13.5241,5.41320366474693,16425.20503
Europe,Hungary,HUN,2019,14.3388,5.71286977737115,16786.21364
Europe,Hungary,HUN,2020,12.2709,6.04913597794889,16131.95404
Europe,Hungary,HUN,2021,13.6,5.72229005144367,18755.10235
Europe,Iceland,ISL,2015,0.847,2.20931494951688,52951.68151
Europe,Iceland,ISL,2016,0.9265,1.03022696370673,61987.92636
Europe,Iceland,ISL,2017,0.9801,-1.46851029471134,72010.14903
Europe,Iceland,ISL,2018,1.0192,-0.409934892693513,74452.18907
Europe,Iceland,ISL,2019,1.0126,4.6640088380806,68452.23622
Europe,Iceland,ISL,2020,0.8479,-0.113250283125708,59023.56635
Europe,Ireland,IRL,2005,12.6739,18.9146092728791,50933.02161
Europe,Ireland,IRL,2006,13.8777,18.4418389191137,54329.16186
Europe,Ireland,IRL,2007,14.2112,23.8033891376582,61396.41746
Europe,Ireland,IRL,2008,13.3878,32.8777317207915,61353.10656
Europe,Ireland,IRL,2009,12.1396,45.9388208939099,52133.09092
Europe,Ireland,IRL,2010,11.3398,39.9635734700397,48679.40268
Europe,Ireland,IRL,2011,10.7599,36.9170216976963,52692.78131
Europe,Ireland,IRL,2012,10.5521,31.5154008668742,49411.73875
Europe,Ireland,IRL,2013,10.7055,30.8813193179264,52619.21237
Europe,Ireland,IRL,2014,11.1272,34.3200150553486,57278.25909
Europe,Italy,ITA,2005,122.958,3.00729222104045,32171.79337
Europe,Italy,ITA,2006,124.2572,2.99616790328577,33684.72004
Europe,Italy,ITA,2007,124.7349,2.97725254426495,38031.97095
Europe,Italy,ITA,2008,117.9282,3.36405118522693,41095.40634
Europe,Italy,ITA,2009,111.841,4.0119984530261,37388.45371
Europe,Italy,ITA,2010,109.1873,4.19491672746656,36184.71187
Europe,Italy,ITA,2011,109.1507,3.967783806462,38851.38813
Europe,Italy,ITA,2012,102.511,3.87618452792698,35235.79891
Europe,Italy,ITA,2013,100.7233,4.03203337279294,35747.70795
Europe,Italy,ITA,2014,105.3928,3.74871898179994,35750.71975
Europe,Italy,ITA,2015,103.0085,3.78014505786583,30387.12932
Europe,Italy,ITA,2016,101.7113,3.7023983231605,31126.32469
Europe,Italy,ITA,2017,97.6111,3.77385063577532,32554.14668
Europe,Italy,ITA,2018,100.2026,3.73829732005136,34746.34414
Europe,Italy,ITA,2019,100.9187,3.98979668512174,33812.78872
Europe,Italy,ITA,2020,80.6748,4.61110876226376,32091.48666
Europe,Italy,ITA,2021,98.2405,3.68447394136018,36852.54254
Europe,Latvia,LVA,2005,3.0016,2.0259396477957,7283.787381
Europe,Latvia,LVA,2006,3.3159,2.04345412837776,9211.737447
Europe,Latvia,LVA,2007,3.7515,1.88647676287858,13370.97895
Europe,Latvia,LVA,2008,3.5458,2.33450659302899,15677.60809
Europe,Latvia,LVA,2009,3.1094,3.16118762247233,11996.03227
Europe,Latvia,LVA,2010,3.181,4.31852016934985,11188.41917
Europe,Latvia,LVA,2011,2.8222,2.24685923248655,12902.57405
Europe,Latvia,LVA,2012,2.7278,1.90105665787987,13329.34999
Europe,Latvia,LVA,2013,2.762,1.78611347384499,14484.47153
Europe,Latvia,LVA,2014,2.884,2.25028577381087,15185.81458
Europe,Latvia,LVA,2015,3.0576,2.08406861874112,13321.97531
Europe,Latvia,LVA,2016,3.0839,2.16507328744723,13838.52668
Europe,Latvia,LVA,2017,3.2393,2.18919759022147,15132.49583
Europe,Latvia,LVA,2018,3.2407,3.04950341243949,17252.17104
Europe,Latvia,LVA,2019,3.2247,2.56263499696684,17294.97516
Europe,Latvia,LVA,2020,3.0319,4.31092453284728,17564.23215
Europe,Latvia,LVA,2021,3.1257,3.07248834224619,20262.84339
Europe,Lithuania,LTU,2005,4.0611,0.475751571315164,7857.031488
Europe,Lithuania,LTU,2006,4.3323,0.506561664963626,9210.101182
Europe,Lithuania,LTU,2007,5.0326,0.51980258712376,12295.12128
Europe,Lithuania,LTU,2008,5.0095,0.516480706243143,14955.53455
Europe,Lithuania,LTU,2009,4.1383,1.15297544133667,11854.37111
Europe,Lithuania,LTU,2010,4.2754,1.05212700279119,11829.12261
Europe,Lithuania,LTU,2011,4.2503,0.440241767203126,14261.84338
Europe,Lithuania,LTU,2012,4.2809,0.772255579242992,14294.71786
Europe,Lithuania,LTU,2013,4.2796,1.10238131932,15655.35133
Europe,Lithuania,LTU,2014,4.7606,1.901886184999,16473.56782
Europe,Lithuania,LTU,2015,5.0536,3.01026986592216,14300.25537
Europe,Lithuania,LTU,2016,5.4387,8.05938256391337,14981.62081
Europe,Lithuania,LTU,2017,5.6897,8.43425803595808,16884.71003
Europe,Lithuania,LTU,2018,6.0486,9.47568628454855,19368.5391
Europe,Lithuania,LTU,2019,6.2718,11.1370512389022,19727.76075
Europe,Lithuania,LTU,2020,6.1102,15.3075758701199,20541.82499
Europe,Lithuania,LTU,2021,6.0921,16.6926156283756,23934.72849
Europe,Luxembourg,LUX,2005,7.2067,1.97576088227271,80988.13762
Europe,Luxembourg,LUX,2006,6.8973,1.65354036803404,90788.80049
Europe,Luxembourg,LUX,2007,6.6197,1.23320292566763,107475.3203
Europe,Luxembourg,LUX,2008,6.7165,1.55558538175118,120422.1379
Europe,Luxembourg,LUX,2009,6.1906,2.11770616066398,109419.747
Europe,Luxembourg,LUX,2010,6.5526,2.11043053196654,110885.9914
Europe,Luxembourg,LUX,2011,6.9452,0.0,119025.0572
Europe,Luxembourg,LUX,2012,6.6283,2.37027806035699,112584.6763
Europe,Luxembourg,LUX,2013,6.4843,2.76175628873249,120000.1407
Europe,Luxembourg,LUX,2014,6.1913,2.96809992177531,123678.7021
Europe,Luxembourg,LUX,2015,5.7527,2.82627086057064,105462.0126
Europe,Luxembourg,LUX,2016,5.5763,2.68424090821628,106899.2935
Europe,Luxembourg,LUX,2017,5.6824,2.59823371304237,110193.2138
Europe,Luxembourg,LUX,2018,6.0666,2.55795615833465,116786.5117
Europe,Luxembourg,LUX,2019,6.2037,2.78823682160478,112726.4397
Europe,Luxembourg,LUX,2020,4.6667,4.04449989602828,116905.3704
Europe,Luxembourg,LUX,2021,4.9882,4.11338942158286,133711.7944
Europe,Malta,MLT,2009,0.5157,6.12593288318018,21176.31124
Europe,Malta,MLT,2011,0.5539,8.52744310575636,23516.96912
Europe,Malta,MLT,2012,0.5444,5.36508592806984,22878.31309
Europe,Malta,MLT,2013,0.5444,5.69901253714137,25346.52365
Europe,Malta,MLT,2014,0.5509,6.27290176234514,27356.60803
Europe,Malta,MLT,2015,0.5885,4.24470211915234,25481.89776
Europe,Malta,MLT,2016,0.5882,1.80460274127615,26409.62859
Europe,Malta,MLT,2017,0.6091,7.73124254422464,30259.39526
Europe,Malta,MLT,2018,0.6752,6.49353677520502,33332.19056
Europe,Malta,MLT,2019,0.718,5.95607605561234,32412.26978
Europe,Malta,MLT,2020,0.5948,7.60146052106188,31796.82134
Europe,Malta,MLT,2021,0.6319,7.82212882271337,38027.38017
Europe,Moldova,MDA,2013,1.7226,1.21027182000131,3321.043978
Europe,Moldova,MDA,2014,1.7858,2.80501590534646,3289.957586
Europe,Moldova,MDA,2015,1.9471,1.39929761655118,2749.551371
Europe,Moldova,MDA,2016,2.045,1.39783340965318,2847.087948
Europe,Moldova,MDA,2017,2.0575,2.0251404126031,3453.267277
Europe,Moldova,MDA,2018,2.098,1.58533044737521,4156.44982
Europe,Moldova,MDA,2019,2.162,1.7288892556661,4405.334182
Europe,Moldova,MDA,2020,2.017,1.88265197286996,4375.778893
Europe,Moldova,MDA,2021,2.2322,1.35814157815682,5274.605822
Europe,Netherlands,NLD,2005,34.4236,2.95771913410609,42165.39617
Europe,Netherlands,NLD,2006,35.3089,2.40763094319297,45123.54324
Europe,Netherlands,NLD,2007,34.5915,13.0895610486138,52100.79963
Europe,Netherlands,NLD,2009,33.4425,4.0772108060213,53172.02616
Europe,Netherlands,NLD,2010,34.0545,3.37863775413092,51305.73385
Europe,Netherlands,NLD,2011,34.1459,4.07705579277199,54701.7728
Europe,Netherlands,NLD,2012,32.6798,5.58247680416159,50473.9442
Europe,Netherlands,NLD,2013,31.1295,3.11231651371808,52602.28605
Europe,Netherlands,NLD,2014,28.4158,2.89313655994295,53457.22349
Europe,Netherlands,NLD,2015,28.8406,3.2132443064609,45793.81354
Europe,Netherlands,NLD,2016,28.9894,3.10393672200714,46808.52915
Europe,Netherlands,NLD,2017,29.8225,3.01720244345833,49513.68173
Europe,Netherlands,NLD,2018,29.8512,2.70877869377689,53955.077
Europe,Netherlands,NLD,2019,29.4186,2.95505178790502,53554.90075
Europe,Netherlands,NLD,2020,24.9537,3.11895375205442,53467.92774
Europe,Netherlands,NLD,2021,25.1017,2.56343262620711,60141.98809
Europe,North Macedonia,MKD,2009,1.2866,5.09604034657962,4799.787228
Europe,North Macedonia,MKD,2010,1.3542,5.64973826608887,4833.365868
Europe,North Macedonia,MKD,2011,1.4214,5.35269239483423,5416.866729
Europe,North Macedonia,MKD,2012,1.3603,6.37661141804788,5049.826539
Europe,North Macedonia,MKD,2013,1.5448,4.96000643112665,5626.261157
Europe,North Macedonia,MKD,2014,1.6162,5.80620597753665,5925.385922
Europe,North Macedonia,MKD,2015,1.796,5.77318019319997,5262.686719
Europe,North Macedonia,MKD,2016,2.0539,5.33469793117144,5598.486226
Europe,North Macedonia,MKD,2017,2.1344,5.02759701657317,5955.297386
Europe,North Macedonia,MKD,2018,2.1341,4.97109171295771,6713.989254
Europe,North Macedonia,MKD,2019,2.3068,5.26116176307187,6718.858266
Europe,North Macedonia,MKD,2020,1.9508,5.90208607478533,6659.596511
Europe,North Macedonia,MKD,2021,2.2586,6.13244193186196,7620.80297
Europe,Norway,NOR,2007,14.2746,7.66928963048364,85502.26771
Europe,Norway,NOR,2008,13.9281,8.71114488467557,97503.54078
Europe,Norway,NOR,2009,13.6296,2.30648861808982,80347.57007
Europe,Norway,NOR,2010,15.0107,7.476001400155,88163.20859
Europe,Norway,NOR,2011,14.9825,6.8711850530505,101221.8135
Europe,Norway,NOR,2012,15.1119,5.64368309939314,102175.9193
Europe,Norway,NOR,2013,14.9805,2.40356032406879,103553.8401
Europe,Norway,NOR,2014,15.2825,6.54042975890422,97666.69518
Europe,Norway,NOR,2016,14.7593,7.80341061142375,70867.361
Europe,Norway,NOR,2018,13.9477,8.1143717952432,82792.84271
Europe,Norway,NOR,2019,13.5958,4.39571367013443,76430.58895
Europe,Norway,NOR,2020,12.8251,9.13509322943585,68340.0181
Europe,Norway,NOR,2021,13.3268,9.67593487005051,93072.89251
Europe,Poland,POL,2005,34.5128,2.16649043885581,8043.923323
Europe,Poland,POL,2006,38.2583,2.41633164251294,9068.855283
Europe,Poland,POL,2007,42.3268,2.08583587985315,11272.52937
Europe,Poland,POL,2008,44.2772,2.32624792753013,14048.56047
Europe,Poland,POL,2009,44.6883,2.38946053774524,11556.30269
Europe,Poland,POL,2010,47.1183,2.63943425905364,12567.73177
Europe,Poland,POL,2011,47.7243,2.1878050162889,13867.66694
Europe,Poland,POL,2012,45.8747,1.83012330967961,13087.42094
Europe,Poland,POL,2013,43.1785,2.39204004521678,13621.90238
Europe,Poland,POL,2014,43.7914,1.74620144066736,14262.28419
Europe,Poland,POL,2015,46.6543,1.88150067692666,12637.52203
Europe,Poland,POL,2016,53.26,1.6714497264858,12464.01105
Europe,Poland,POL,2017,61.5437,1.60742456758716,13913.34029
Europe,Poland,POL,2018,63.3229,1.42282133994727,15658.21203
Europe,Poland,POL,2019,64.2933,1.54868854942264,15874.52205
Europe,Poland,POL,2020,61.3837,1.5719996086598,15987.57537
Europe,Poland,POL,2021,66.4286,1.46709087256615,18635.51049
Europe,Portugal,PRT,2005,19.0713,2.13736283398507,18780.12751
Europe,Portugal,PRT,2006,19.0153,2.12247001246234,19839.45405
Europe,Portugal,PRT,2007,19.1788,2.35336056488561,22811.05648
Europe,Portugal,PRT,2008,19.2378,2.13711022659829,24949.04136
Europe,Portugal,PRT,2009,18.955,2.24677509634218,23151.21541
Europe,Portugal,PRT,2010,18.5264,2.00308599307385,22551.9351
Europe,Portugal,PRT,2011,17.1985,1.95600588061795,23246.54254
Europe,Portugal,PRT,2012,15.832,2.35380975176105,20593.42742
Europe,Portugal,PRT,2013,15.6047,2.43285525387923,21676.48596
Europe,Portugal,PRT,2014,15.6891,2.24559835943417,22120.68501
Europe,Portugal,PRT,2015,15.7701,2.27024496801373,19215.7813
Europe,Portugal,PRT,2016,16.3493,2.16676599125944,19980.28089
Europe,Portugal,PRT,2017,16.7,2.240596271472,21442.38428
Europe,Portugal,PRT,2018,16.8199,2.16584792300395,23541.14011
Europe,Portugal,PRT,2019,17.1967,2.33863880480422,23343.3629
Europe,Portugal,PRT,2020,14.3305,3.27143296404312,22299.40441
Europe,Portugal,PRT,2021,15.4494,2.57680178103931,24711.45101
Europe,Romania,ROU,2006,12.5237,1.87019896311175,5757.531273
Europe,Romania,ROU,2007,13.2767,1.56747544512715,8360.337759
Europe,Romania,ROU,2008,14.8584,1.40810215980371,10435.15612
Europe,Romania,ROU,2009,14.892,1.72151095993642,8548.454341
Europe,Romania,ROU,2010,13.8264,2.33244276652906,8399.537423
Europe,Romania,ROU,2011,14.0458,2.05545406913349,9560.675528
Europe,Romania,ROU,2012,15.3168,1.89915248296788,8929.953662
Europe,Romania,ROU,2013,14.9203,2.0395230524127,9497.674116
Europe,Romania,ROU,2014,15.2769,1.84438293821651,10031.77108
Europe,Romania,ROU,2015,15.3956,1.91138128021093,8977.017482
Europe,Romania,ROU,2016,16.4626,1.86251483532299,9404.540059
Europe,Romania,ROU,2017,17.5915,1.75758623266938,10727.9822
Europe,Romania,ROU,2018,18.0805,1.94465952596034,12502.26241
Europe,Romania,ROU,2019,18.5506,1.73233341135724,12992.03261
Europe,Romania,ROU,2020,18.0008,2.15192960135708,13082.30066
Europe,Romania,ROU,2021,19.1771,1.59991325771494,14986.78549
Europe,Slovenia,SVN,2008,6.0574,10.8786234980351,27461.97642
Europe,Slovenia,SVN,2009,5.078,11.6732751854473,24501.78973
Europe,Slovenia,SVN,2010,5.2119,10.3604844533309,23329.84177
Europe,Slovenia,SVN,2011,5.567,10.8190557806413,24940.62848
Europe,Slovenia,SVN,2012,5.5834,11.2735001543287,22442.14179
Europe,Slovenia,SVN,2013,5.2878,11.6123798197501,23236.96553
Europe,Slovenia,SVN,2014,5.3043,11.6910073017256,24013.06821
Europe,Slovenia,SVN,2015,5.2757,4.75857927008115,20697.27485
Europe,Slovenia,SVN,2016,5.6468,4.48254681843725,21447.83778
Europe,Slovenia,SVN,2017,5.7708,4.67743285080746,23303.07771
Europe,Slovenia,SVN,2018,5.7444,4.27420270116899,25888.04811
Europe,Slovenia,SVN,2019,5.5327,4.10443283109855,25814.16872
Europe,Slovenia,SVN,2020,4.4982,4.45612825374935,25392.06511
Europe,Slovenia,SVN,2021,5.1188,4.89819767100603,29187.36938
Europe,Spain,ESP,2005,109.5413,2.6280548908931,26450.95301
Europe,Spain,ESP,2006,113.1496,2.74139680327136,28421.68653
Europe,Spain,ESP,2007,116.1237,2.7247445082887,32652.01559
Europe,Spain,ESP,2008,109.9247,3.43982012419656,35603.24833
Europe,Spain,ESP,2009,101.3249,3.87514558673948,32279.82085
Europe,Spain,ESP,2010,98.4477,3.85413948957318,30658.74223
Europe,Spain,ESP,2011,91.988,3.49610763800311,31824.62191
Europe,Spain,ESP,2012,82.6541,4.07065315675297,28456.44382
Europe,Spain,ESP,2013,81.6526,4.46530101967316,29218.91052
Europe,Spain,ESP,2014,82.0941,5.04174665137751,29694.88749
Europe,Spain,ESP,2015,85.1402,4.50828035476022,25969.83831
Europe,Spain,ESP,2016,88.3378,4.5422173434951,26740.68518
Europe,Spain,ESP,2017,91.2029,4.19816061507704,28367.93926
Europe,Spain,ESP,2018,92.2693,4.33942003183438,30592.12648
Europe,Spain,ESP,2019,93.581,4.24478589525074,29776.20115
Europe,Spain,ESP,2020,73.7894,5.34253965394983,27230.35999
Europe,Spain,ESP,2021,86.5391,4.46276329963465,30817.68286
Europe,Sweden,SWE,2005,20.9938,4.32376080117153,43378.61521
Europe,Sweden,SWE,2006,21.1118,4.23983460974594,46531.60011
Europe,Sweden,SWE,2007,21.2561,4.43245008664527,53568.56455
Europe,Sweden,SWE,2008,20.8149,4.30590565427508,55817.43927
Europe,Sweden,SWE,2009,20.2934,4.97099494021518,46707.86732
Europe,Sweden,SWE,2010,20.6653,4.71351565085561,52542.82741
Europe,Sweden,SWE,2011,20.3745,4.5106535968113,60379.77482
Europe,Sweden,SWE,2012,19.3483,8.92945710425856,57749.82513
Europe,Sweden,SWE,2013,18.849,7.80000867688648,60844.27671
Europe,Sweden,SWE,2014,18.3627,5.1560657364831,59583.714
Europe,Sweden,SWE,2015,18.4115,8.07786668679701,51197.95293
Europe,Sweden,SWE,2016,17.5914,7.8298622787156,51820.39725
Europe,Sweden,SWE,2017,17.3311,5.43925006396449,53300.85873
Europe,Sweden,SWE,2018,16.4319,7.99917293634278,54181.90698
Europe,Sweden,SWE,2019,16.3586,5.36067553691348,51773.04646
Europe,Sweden,SWE,2020,15.1067,10.2542751819395,52653.75659
Europe,Sweden,SWE,2021,15.3314,7.48475614575128,61174.96802
Europe,Switzerland,CHE,2009,17.2407,16.6981902193832,71568.31239
Europe,Switzerland,CHE,2010,17.1761,18.1044661827389,76531.37294
Europe,Switzerland,CHE,2011,16.9752,16.8266658929631,90476.75897
Europe,Switzerland,CHE,2012,17.1306,18.9876904377431,85836.20768
Europe,Switzerland,CHE,2013,17.0824,19.1043432401448,87304.33058
Europe,Switzerland,CHE,2014,16.9197,18.8008525571267,88724.99094
Europe,Switzerland,CHE,2015,16.2024,21.9018433161269,83806.4476
Europe,Switzerland,CHE,2016,16.0428,22.2883874845266,82153.07454
Europe,Switzerland,CHE,2017,15.7479,22.0898563189469,82254.37693
Europe,Switzerland,CHE,2018,15.8147,23.2976598598897,85217.36915
Europe,Switzerland,CHE,2019,15.7621,23.5511506046039,84121.93103
Europe,Switzerland,CHE,2020,14.4479,27.1187457765973,85897.78433
Europe,Switzerland,CHE,2021,14.6239,29.1476355865707,93446.43445
Europe,Ukraine,UKR,2012,31.2469,2.26647783495065,3951.342285
Europe,Ukraine,UKR,2013,31.3281,2.88150606884233,4129.896973
Europe,Ukraine,UKR,2014,26.91,2.58086008611446,3054.908203
Europe,Ukraine,UKR,2015,23.0578,2.7960525773865,2094.473877
Europe,Ukraine,UKR,2016,24.2921,3.19593493168878,2158.461182
Europe,Ukraine,UKR,2017,25.3547,2.85381552451789,2604.287598
Europe,Ukraine,UKR,2018,25.0953,3.04594229526902,3059.051758
Europe,Ukraine,UKR,2019,26.6672,3.34191070822122,3619.861572
Europe,Ukraine,UKR,2020,21.7009,3.74682872057461,3709.769287
Europe,United Kingdom,GBR,2008,122.7401,5.06286761999719,47396.12021
Europe,United Kingdom,GBR,2009,118.3184,5.96332372982119,38744.13169
Europe,United Kingdom,GBR,2010,116.8489,6.59534100015754,39598.95712
Europe,United Kingdom,GBR,2011,115.4011,4.96741743853516,42109.64188
Europe,United Kingdom,GBR,2012,114.9111,4.50574589626617,42497.3405
Europe,United Kingdom,GBR,2013,114.1737,4.08384322271581,43426.29814
Europe,United Kingdom,GBR,2014,115.6427,3.62908135473742,47439.61659
Europe,United Kingdom,GBR,2015,118.8202,3.34079203960198,44964.39114
Europe,United Kingdom,GBR,2016,121.6266,5.45214651680405,40985.23514
Europe,United Kingdom,GBR,2017,122.086,5.0620573136656,40572.12148
Europe,United Kingdom,GBR,2018,120.5629,4.64132285951689,43203.81411
Europe,United Kingdom,GBR,2019,118.5898,5.24401262599594,42662.53537
Europe,United Kingdom,GBR,2020,94.5308,6.08414197832746,40201.68124
Europe,United Kingdom,GBR,2021,104.3231,4.5855110705164,46896.86624
Europe,United Kingdom,GBR,2022,107.0033,4.49190134085099,45935.92765
North America,Canada,CAN,2004,159.7018,1.86627314296862,32145.54126
North America,Canada,CAN,2005,163.4558,2.18937734078477,36383.66001
North America,Canada,CAN,2006,162.3477,2.80292406615178,40504.0371
North America,Canada,CAN,2007,167.6906,2.21736586233934,44660.08389
North America,Canada,CAN,2008,167.6767,2.20425126987383,46710.25269
North America,Canada,CAN,2009,163.7636,2.63720792327777,40874.88319
North America,Canada,CAN,2010,169.4329,2.30561437441384,47560.6666
North America,Canada,CAN,2011,169.0559,2.01656271804075,52223.85884
North America,Canada,CAN,2012,169.3796,2.36158337472726,52670.34473
North America,Canada,CAN,2013,173.1347,2.31481458358113,52638.11872
North America,Canada,CAN,2014,171.5977,2.76253300013216,50960.84312
North America,Canada,CAN,2015,171.0888,2.62010921493666,43594.1941
North America,Canada,CAN,2016,170.1924,2.60972143236787,42314.06158
North America,Canada,CAN,2017,174.1661,2.68593161064313,45129.62812
North America,Canada,CAN,2018,180.2872,2.6877316449204,46539.17616
North America,Canada,CAN,2019,177.4991,2.94287050445562,46352.86934
North America,Canada,CAN,2020,148.7041,3.4672540515992,43537.8393
North America,Canada,CAN,2021,156.9292,2.58302231645148,52496.84417
North America,Canada,CAN,2022,164.2478,2.53180535769437,55509.39318
North America,Costa Rica,CRI,2000,2.9733,0.918489405083826,3812.753883
North America,Costa Rica,CRI,2001,3.17,1.17548734398883,3985.129845
North America,Costa Rica,CRI,2002,3.5067,0.930689990371623,4067.718514
North America,Costa Rica,CRI,2003,3.5889,0.989100948329233,4173.148564
North America,Costa Rica,CRI,2004,3.8548,1.0940413962755,4431.011721
North America,Costa Rica,CRI,2005,3.774,1.12697485018362,4703.007218
North America,Costa Rica,CRI,2006,3.9755,1.07524387533255,5256.596409
North America,Costa Rica,CRI,2007,4.2737,1.10965611005614,6137.711999
North America,Costa Rica,CRI,2008,4.3806,1.0867115893655,6937.242616
North America,Costa Rica,CRI,2009,4.4357,1.08073088411383,6832.698299
North America,Costa Rica,CRI,2010,4.5621,1.46334895094179,8265.788203
North America,Costa Rica,CRI,2011,4.6759,1.527266069303,9276.391075
North America,Costa Rica,CRI,2012,4.7946,1.5393557824765,10126.9991
North America,Costa Rica,CRI,2013,4.8728,1.69316759061257,10803.2402
North America,Costa Rica,CRI,2014,4.9734,1.66722610295655,10911.49788
North America,Costa Rica,CRI,2015,5.3128,2.12075134903753,11714.7106
North America,Costa Rica,CRI,2016,5.7483,1.96346525877197,12091.03016
North America,Costa Rica,CRI,2017,5.8638,1.72391252395311,12317.09028
North America,Costa Rica,CRI,2018,5.8752,1.802665790371,12590.24938
North America,Costa Rica,CRI,2019,5.9683,1.79625050431077,12884.686
North America,Mexico,MEX,2009,147.6966,3.80863343931892,8423.569332
North America,Mexico,MEX,2010,150.579,3.3120159738541,9728.800784
North America,Mexico,MEX,2011,151.6586,3.15165808718112,10664.4944
North America,Mexico,MEX,2012,152.5066,3.05603986951417,10744.13352
North America,Mexico,MEX,2013,150.6394,3.04801848666882,11216.80085
North America,Mexico,MEX,2014,151.2396,2.76953101005862,11391.37735
North America,Mexico,MEX,2015,150.5057,2.55615257630937,10021.23861
North America,Mexico,MEX,2016,155.8851,2.4985408966302,9097.923977
North America,Mexico,MEX,2017,151.3733,2.35602520994302,9649.278168
North America,Mexico,MEX,2018,147.3733,2.13224124148781,10084.79376
North America,Mexico,MEX,2019,150.1334,2.19858437283256,10369.55536
North America,Mexico,MEX,2020,107.1113,2.49671299706691,8841.27075
North America,Mexico,MEX,2021,105.2884,2.17617053660912,10314.05067
North America,Nicaragua,NIC,2000,1.4502,4.59499933244196,1017.312443
North America,Nicaragua,NIC,2001,1.465,5.36346855686604,1051.874236
North America,Nicaragua,NIC,2002,1.5269,5.13457311436244,1014.333904
North America,Nicaragua,NIC,2003,1.518,4.41302417377101,1021.352167
North America,Nicaragua,NIC,2004,1.4566,4.07651300227321,1098.621187
North America,Nicaragua,NIC,2005,1.4501,3.53387828717316,1183.302173
North America,Nicaragua,NIC,2006,1.4949,2.61700629421387,1248.17676
North America,Nicaragua,NIC,2007,1.5504,2.9609859745188,1350.389546
North America,Nicaragua,NIC,2008,1.5151,2.9313319697269,1523.68089
North America,Nicaragua,NIC,2009,1.4859,2.99780019618441,1467.080196
North America,Nicaragua,NIC,2010,1.5453,3.337909517594,1526.561853
North America,Nicaragua,NIC,2011,1.6111,3.55582584042519,1679.710342
North America,Nicaragua,NIC,2012,1.7049,3.51776403954785,1784.692128
North America,Nicaragua,NIC,2013,1.7108,3.19579973006094,1835.434364
North America,Nicaragua,NIC,2014,1.8829,2.93242141483389,1958.369665
North America,Nicaragua,NIC,2015,2.1296,3.07562736909294,2074.454465
North America,Nicaragua,NIC,2016,2.193,2.86948477841072,2131.688285
North America,Nicaragua,NIC,2017,2.3335,2.81187438363675,2182.618751
North America,Nicaragua,NIC,2018,2.083,2.58565592965665,2035.167501
North America,Nicaragua,NIC,2019,2.1541,2.53027004584523,1958.621329
North America,Nicaragua,NIC,2020,2.1705,2.85594530827057,1931.615158
North America,Nicaragua,NIC,2021,2.4247,2.92634216245715,2128.609806
North America,Nicaragua,NIC,2022,2.5514,2.83341207688823,2325.167379
North America,Panama,PAN,2000,2.3274,6.72799528996173,3975.093087
North America,Panama,PAN,2001,2.2305,4.59124699507553,3991.776708
North America,Panama,PAN,2019,5.1074,4.5912367799736,16477.90663
North America,Panama,PAN,2020,3.6686,4.59123676977421,13290.56083
North America,Panama,PAN,2021,4.9198,4.82256449170371,15509.80691
North America,Panama,PAN,2022,5.2779,4.82256454169144,17332.43607
North America,Trinidad and Tobago,TTO,2000,1.6373,26.7707392594504,6178.589756
North America,Trinidad and Tobago,TTO,2001,1.638,26.8417222138789,6657.414669
North America,Trinidad and Tobago,TTO,2002,1.6886,22.0178802387057,6762.930808
North America,Trinidad and Tobago,TTO,2003,1.6846,28.7672458674997,8445.046535
North America,Trinidad and Tobago,TTO,2004,2.053,32.8212051455355,9871.034198
North America,Trinidad and Tobago,TTO,2005,2.1515,35.6149984452295,12346.43731
North America,Trinidad and Tobago,TTO,2006,2.6337,38.6651242373992,14152.66074
North America,United States,USA,2007,1806.3663,5.94317167192929,48050.22741
North America,United States,USA,2008,1708.2744,6.27820185807943,48570.05943
North America,United States,USA,2009,1622.5473,7.12482333936361,47194.95009
North America,United States,USA,2010,1679.7732,6.20611837652324,48650.66432
North America,United States,USA,2011,1633.5907,6.13668069993181,50065.97895
North America,United States,USA,2012,1597.5315,5.62776382060445,51784.41147
North America,United States,USA,2013,1646.9372,5.52537699101986,53409.75078
North America,United States,USA,2014,1639.846,5.70155375088155,55304.31553
North America,United States,USA,2015,1700.0469,6.11429348475338,57040.20821
North America,United States,USA,2016,1711.2183,6.43458149272313,58206.61419
North America,United States,USA,2017,1724.0175,6.67442249011678,60322.26142
North America,United States,USA,2018,1762.2354,5.91247582261709,63201.04585
North America,United States,USA,2019,1757.3448,6.49369214867247,65604.68152
North America,United States,USA,2020,1507.9152,7.31917358297693,64411.37318
North America,United States,USA,2021,1663.6783,6.67263371791867,71318.30736
Oceania,Australia,AUS,2007,83.5781,6.83821075977939,41051.61207
Oceania,Australia,AUS,2008,85.2988,7.02987534097362,49701.28178
Oceania,Australia,AUS,2009,84.9395,7.97786865528025,42816.5674
Oceania,Australia,AUS,2010,87.6345,8.69729299687889,52144.66547
Oceania,Australia,AUS,2011,89.7726,2.58892720718256,62605.60046
Oceania,Australia,AUS,2012,90.4324,2.85871196147849,68072.87323
Oceania,Australia,AUS,2013,91.834,2.51736467880482,68190.701
Oceania,Australia,AUS,2014,92.0252,2.63870443009956,62544.08738
Oceania,Australia,AUS,2015,91.9222,2.68208859233057,56739.02653
Oceania,Australia,AUS,2016,93.2764,2.45743339113984,49888.04108
Oceania,Australia,AUS,2017,94.8631,2.58820228659606,53901.71454
Oceania,Australia,AUS,2018,97.2719,2.8537263573469,57196.42208
Oceania,Australia,AUS,2019,97.0408,2.89599345127109,54972.70179
Oceania,Australia,AUS,2020,90.5044,2.94660329885379,51791.54018
Oceania,Australia,AUS,2021,87.607,3.23065364387678,60607.77886
Oceania,Australia,AUS,2022,89.2178,2.74404972784953,64997.01365
Oceania,Fiji,FJI,2005,0.6437,5.92027530966592,3377.69127
Oceania,Fiji,FJI,2006,0.7341,5.4436951885921,3455.105999
Oceania,Fiji,FJI,2007,0.6552,5.32808647457859,3762.746928
Oceania,Fiji,FJI,2008,0.557,4.82660922302871,3899.922315
Oceania,Fiji,FJI,2009,0.506,5.85150919760734,3164.132754
Oceania,Fiji,FJI,2010,0.8891,5.93668319191063,3449.144529
Oceania,Fiji,FJI,2011,0.6567,5.7902202584713,4139.602886
Oceania,Fiji,FJI,2012,0.6423,5.91176116019758,4341.403387
Oceania,Fiji,FJI,2013,0.6524,5.43648074551185,4572.443775
Oceania,Fiji,FJI,2014,0.6889,5.37599501189699,5293.356791
Oceania,Fiji,FJI,2015,0.7145,5.21390498261877,5097.531088
Oceania,Fiji,FJI,2016,0.6705,5.56406165278531,5363.790256
Oceania,Fiji,FJI,2017,0.8081,6.07810760122651,5826.848141
Oceania,Fiji,FJI,2018,0.84,6.13560828485617,6085.419792
Oceania,Fiji,FJI,2019,0.8963,5.71750452267296,5950.828686
Oceania,New Zealand,NZL,2000,12.0929,4.46803678891791,13641.10272
Oceania,New Zealand,NZL,2001,12.1549,5.92002583284,13882.85683
Oceania,New Zealand,NZL,2002,12.6325,6.07099018003273,16874.18749
Oceania,New Zealand,NZL,2003,13.1594,5.70354866330511,21913.70817
Oceania,New Zealand,NZL,2004,13.4647,4.44778786026612,25420.23488
Oceania,New Zealand,NZL,2005,13.529,4.39594630633834,27751.06547
Oceania,New Zealand,NZL,2006,13.6823,4.25100359180224,26654.5932
Oceania,New Zealand,NZL,2007,13.8079,4.22381409976413,32479.98174
Oceania,New Zealand,NZL,2008,13.8905,4.23294219904389,31252.96256
Oceania,New Zealand,NZL,2009,13.6194,2.947932618683,28209.36233
Oceania,New Zealand,NZL,2010,13.6061,4.73596176821983,33676.77412
Oceania,New Zealand,NZL,2011,13.6414,4.43083900226757,38388.52809
Oceania,New Zealand,NZL,2012,13.5397,3.8862437266761,39974.29973
Oceania,New Zealand,NZL,2013,13.6935,4.7420892934547,42977.38804
Oceania,New Zealand,NZL,2014,13.8173,5.63646283627817,44578.22539
Oceania,New Zealand,NZL,2015,14.3959,4.39605434580309,38639.35019
Oceania,New Zealand,NZL,2016,14.694,4.57843035162623,40070.89566
Oceania,New Zealand,NZL,2017,15.6658,5.35733849468648,42913.18696
Oceania,New Zealand,NZL,2018,16.018,4.98279468321976,43228.69765
Oceania,New Zealand,NZL,2019,16.1814,4.81536189069424,42747.20993
Oceania,New Zealand,NZL,2020,13.8196,4.37953869285646,41785.69229
Oceania,New Zealand,NZL,2021,14.6516,4.46312646065957,49624.18167
Oceania,New Zealand,NZL,2022,14.8641,4.63033295353842,48216.50958
South America,Argentina,ARG,2000,39.8377,15.2028464245659,7637.014892
South America,Argentina,ARG,2001,36.6253,16.1666348175043,7141.475077
South America,Argentina,ARG,2002,33.8385,16.0776108993997,2569.699635
South America,Argentina,ARG,2004,37.1677,12.7111336656205,4242.020991
South America,Argentina,ARG,2005,37.7144,12.3528111083269,5067.653423
South America,Argentina,ARG,2006,40.5477,12.0558343449525,5869.38029
South America,Argentina,ARG,2007,43.8822,11.3194164821809,7185.251551
South America,Argentina,ARG,2008,45.8478,11.279975705807,8944.110266
South America,Argentina,ARG,2009,42.021,12.2333009201751,8150.23527
South America,Argentina,ARG,2010,44.1992,11.4671252619586,10260.13131
South America,Argentina,ARG,2011,45.6703,10.9905480068752,12704.28318
South America,Argentina,ARG,2012,44.8214,11.427197572302,12949.71749
South America,Argentina,ARG,2013,47.736,11.4133690312264,12963.67577
South America,Argentina,ARG,2014,44.0604,11.5990190892728,12233.14441
South America,Argentina,ARG,2015,46.2782,11.2353821295379,13679.6265
South America,Argentina,ARG,2016,45.2497,12.6895909038092,12699.96231
South America,Argentina,ARG,2017,46.4311,12.7552990136388,14532.50093
South America,Argentina,ARG,2018,47.7877,11.734696640291,11752.79989
South America,Argentina,ARG,2019,47.4694,12.9044763923807,9955.974787
South America,Argentina,ARG,2020,37.7662,13.6875578883842,8535.59938
South America,Argentina,ARG,2021,46.9494,12.7545945322605,10738.01792
South America,Argentina,ARG,2022,49.2634,12.5466997102117,13935.68111
South America,Bolivia,BOL,2010,6.0736,4.38695110754471,1929.783731
South America,Bolivia,BOL,2012,7.3173,2.91895851711242,2575.598571
South America,Bolivia,BOL,2017,10.3083,4.37260916648467,3306.303012
South America,Brazil,BRA,2007,145.9657,2.60001272724163,7409.691307
South America,Brazil,BRA,2008,151.3403,2.37734212813976,8908.331766
South America,Brazil,BRA,2009,148.7176,2.63039580978125,8678.659225
South America,Brazil,BRA,2010,167.9911,2.60716489670014,11403.28213
South America,Brazil,BRA,2011,185.1526,2.39500999187097,13396.62436
South America,Brazil,BRA,2012,202.541,2.41054144955147,12521.72135
South America,Brazil,BRA,2013,209.7842,2.37365055997863,12458.89121
South America,Brazil,BRA,2014,214.7806,2.48486300364061,12274.99397
South America,Brazil,BRA,2015,200.7873,2.73929721352673,8936.196618
South America,Brazil,BRA,2016,199.046,2.87892758777436,8836.286526
South America,Brazil,BRA,2017,200.1754,3.13823585050146,10080.50928
South America,Brazil,BRA,2018,191.866,3.09689677429166,9300.661649
South America,Brazil,BRA,2019,193.1656,2.91331100526411,9029.833267
South America,Brazil,BRA,2020,182.6073,3.11706853353584,7074.193783
South America,Brazil,BRA,2021,200.1659,2.4551017350057,7972.53665
South America,Chile,CHL,2013,24.4921,1.8815458404924,15683.54864
South America,Chile,CHL,2014,23.5736,3.38835124321093,14529.67672
South America,Chile,CHL,2015,25.2257,2.32364487215646,13433.9203
South America,Chile,CHL,2016,26.384,1.78489960263149,13649.85205
South America,Chile,CHL,2017,27.3837,2.20820405302005,14879.90862
South America,Colombia,COL,2012,26.3792,4.05545105949221,8108.598382
South America,Colombia,COL,2013,24.8722,4.01889788394584,8279.102556
South America,Colombia,COL,2014,25.8662,3.97851158365243,8187.208249
South America,Colombia,COL,2015,27.9866,4.49651191358657,6248.514905
South America,Colombia,COL,2016,29.224,4.71789757286636,5959.842504
South America,Colombia,COL,2017,29.2268,4.88057905237991,6479.532313
South America,Colombia,COL,2018,29.7986,5.00429172341689,6816.968183
South America,Colombia,COL,2019,31.2943,5.0471031987742,6472.545449
South America,Colombia,COL,2020,26.9513,5.64280073255285,5339.687114
South America,Colombia,COL,2021,34.5744,5.02601895085659,6222.621644
South America,Ecuador,ECU,2010,12.6618,1.5345575269083,4520.30959
South America,Ecuador,ECU,2011,13.7021,1.46883862511111,5153.691642
South America,Ecuador,ECU,2012,14.1772,1.56837595500613,5634.083932
South America,Ecuador,ECU,2013,15.123,1.90807501665235,6109.290315
South America,Ecuador,ECU,2014,16.2568,1.16908172557984,6405.799793
South America,Ecuador,ECU,2015,16.9254,1.51188880097814,5976.159681
South America,Ecuador,ECU,2016,17.1022,2.04903642436092,5917.637713
South America,Ecuador,ECU,2017,18.1983,2.0730091119603,6233.322448
South America,Ecuador,ECU,2018,19.1607,1.93288958049611,6303.918925
South America,Ecuador,ECU,2019,19.457,2.26119217006063,6205.057595
South America,Ecuador,ECU,2020,15.8337,3.64641456192192,5463.645096
South America,Ecuador,ECU,2021,19.1629,2.08911018258585,6075.802657
South America,Paraguay,PRY,2010,4.4521,5.69033145345725,4750.962737
South America,Peru,PER,2007,11.2817,1.75923646486261,3581.089308
South America,Peru,PER,2008,13.7922,1.94846992919399,4197.584446
South America,Peru,PER,2009,15.0674,2.17039778648173,4181.187555
South America,Peru,PER,2010,16.8793,1.83691410768543,5072.11494
South America,Peru,PER,2011,17.6992,1.72152962599804,5861.357936
South America,Peru,PER,2012,18.0077,1.6494711569658,6519.37853
South America,Peru,PER,2013,19.5631,1.4554358228619,6746.800257
South America,Peru,PER,2014,19.3422,1.38860963104454,6667.134104
South America,Peru,PER,2015,21.1462,1.08115242929311,6231.711503
South America,Peru,PER,2016,23.1496,1.14203066242407,6217.036
South America,Peru,PER,2017,23.4842,1.04439812635873,6736.166937
South America,Peru,PER,2018,24.1788,1.03173037999647,6978.491215
South America,Peru,PER,2019,25.5655,1.01930344193647,7037.008037
South America,Peru,PER,2020,19.9162,1.27169238259741,6133.325524
South America,Peru,PER,2021,21.5476,1.05429886650497,6826.972007
South America,Uruguay,URY,2008,2.7268,3.77475610312012,9423.965626
South America,Uruguay,URY,2009,2.9435,4.15014020042336,9881.395731
South America,Uruguay,URY,2010,3.1,3.3775926093476,12641.05768
South America,Uruguay,URY,2011,3.2245,3.47318778325881,15132.26757
South America,Uruguay,URY,2012,3.2647,4.11185025702294,16259.59408
South America,Uruguay,URY,2013,3.4328,5.30135766152222,18335.25948
South America,Uruguay,URY,2014,3.4188,4.82886721735719,18322.42768
South America,Uruguay,URY,2018,3.6281,5.87862715839439,19249.94015
South America,Uruguay,URY,2019,4.175,7.43381017640044,18315.73529
South America,Uruguay,URY,2020,3.5137,10.4975579358149,15789.68574
South America,Uruguay,URY,2021,3.887,6.54385917126657,17888.21151
